fpl_id,propuesta_vuelo_id,estado,codigo,fecha_salida,fecha_llegada,aerodromo_salida_id,aerodromo_llegada_id,nombre_aeronave,modelo_aeronave,peso_aeronave,codigo_aeronave,fecha_envio_propuesta,nombre_compania,codigo_compania,ruta_id,velocidad,altitud,tipo_vuelo,max_pasajeros,realizado,pasaporte_piloto,pasaporte_copiloto
136,112,aceptado,LAW1451,2022-05-08 08:04:00,2022-05-08 12:22:00,61,31,Boeing 737,737-200,28.12,TPUYDBP,2022-04-08 08:04:00,LAW,LAW,191.0,225.78,12478.26,comercial,56.0,realizado,O98651462,
,122,aceptado,LAW7592,2022-04-03 17:01:00,2022-04-03 17:05:00,75,45,Bombardier CRJ,CRJ900,22.48,JQLPBYZ,2022-03-03 17:01:00,LAW,LAW,,,,,,,,
,32,pendiente,COG1158,2022-06-25 00:09:00,2022-06-25 02:47:00,33,21,Airbus A220,A220-100,35.221,OJFBABA,2022-05-25 00:09:00,OCEANAIR,COG,,,,,,,,
207,169,aceptado,UAN2468,2022-06-18 18:52:00,2022-06-18 19:32:00,35,33,Airbus A380,A380-700,267.0,REBDPFN,2022-05-18 18:52:00,UNITED,UAN,214.0,222.52,10218.64,comercial,534.0,realizado,O88716397,
,168,aceptado,UAN1658,2022-04-07 11:18:00,2022-04-07 16:04:00,29,37,Boeing 747,747-300,178.1,YSLMIYD,2022-03-07 11:18:00,UNITED,UAN,,,,,,,,
206,,rechazado,UAN1938,2022-04-08 22:13:00,2022-04-08 23:56:00,65,27,Embraer Praetor,Praetor 500,10.391,CMUZMTA,,,,257.0,547.23,12080.67,privado,20.0,no realizado,A85793465,C02131672
160,131,aceptado,LRC4781,2022-05-01 12:06:00,2022-05-02 05:30:00,47,65,Boeing 747,747-300,178.1,YSLMIYD,2022-04-01 12:06:00,LACSA,LRC,43.0,249.21,10764.1,comercial,356.0,realizado,S26547035,V51246373
145,118,aceptado,LAW5896,2022-05-07 18:43:00,2022-05-08 22:50:00,1,31,Airbus A220,A220-100,35.221,OJFBABA,2022-04-07 18:43:00,LAW,LAW,72.0,251.16,10425.81,comercial,70.0,realizado,L01109034,
,182,aceptado,UCA2699,2022-05-22 10:00:00,2022-05-22 13:00:00,41,61,Airbus A350,A350-900,104.6,HTJXZZO,2022-04-22 10:00:00,LATAM CARGO,UCA,,,,,,,,
,1,pendiente,ADC4277,2022-05-13 14:38:00,2022-05-13 15:46:00,25,47,Boeing 737,737-200,28.12,TPUYDBP,2022-04-13 14:38:00,AEROVIAS DAP (centro/norte),ADC,,,,,,,,
123,102,aceptado,LAT1186,2022-04-01 06:33:00,2022-04-01 07:46:00,53,45,Boeing 737,737-800,41.415,VEMIWPS,2022-03-01 06:33:00,LATAM INTER,LAT,75.0,231.87,11667.06,comercial,82.0,realizado,H06267236,Q49180524
,77,pendiente,KAI5174,2022-05-10 00:21:00,2022-05-10 08:36:00,1,13,Embraer E190,E190-LR,27.753,CQRMLHT,2022-04-10 00:21:00,KALITTA AIR,KAI,,,,,,,,
,78,aceptado,KAI6386,2022-04-29 11:26:00,2022-04-29 19:26:00,69,39,Boeing 747,747-100,162.4,ALYMGWS,2022-03-29 11:26:00,KALITTA AIR,KAI,,,,,,,,
171,139,aceptado,LUD3851,2022-04-26 05:35:00,2022-04-26 11:05:00,67,47,Airbus A350,A350-900,104.6,HTJXZZO,2022-03-26 05:35:00,LATAM DOMESTICO,LUD,177.0,232.13,12957.77,comercial,209.0,no realizado,J22810925,
,53,aceptado,ETA6742,2022-04-15 09:36:00,2022-04-15 17:22:00,41,61,Boeing 747,747-400,178.75,HVKSCXU,2022-03-15 09:36:00,ETHOPIAN AIRLINES,ETA,,,,,,,,
,175,pendiente,UAN6566,2022-05-13 06:38:00,2022-05-13 21:24:00,77,73,Bombardier CRJ,CRJ700,20.509,NEWSDBH,2022-04-13 06:38:00,UNITED,UAN,,,,,,,,
,131,aceptado,LRC4781,2022-05-01 12:06:00,2022-05-02 05:30:00,47,65,Boeing 747,747-300,178.1,YSLMIYD,2022-04-01 12:06:00,LACSA,LRC,,,,,,,,
,120,aceptado,LAW6351,2022-04-27 20:26:00,2022-04-28 17:11:00,17,1,Airbus A380,A380-800F,252.0,PNILCYN,2022-03-27 20:26:00,LAW,LAW,,,,,,,,
230,,pendiente,XLE1281,2022-06-12 00:55:00,2022-06-12 02:31:00,9,37,Boeing C-17,Globemaster III,127.913,LNHBEFA,,,,315.0,270.95,15934.51,militar,255.0,no realizado,H06267236,
183,,rechazado,MPH5842,2022-06-04 19:24:00,2022-06-04 21:36:00,73,5,Embraer Legacy,Legacy 450,10.425,CZAGBGC,,,,49.0,518.0,11605.86,privado,20.0,no realizado,J22810925,
,68,aceptado,KAI2237,2022-06-08 17:30:00,2022-06-08 20:03:00,71,73,Airbus A220,A220-100,35.221,OJFBABA,2022-05-08 17:30:00,KALITTA AIR,KAI,,,,,,,,
,173,aceptado,UAN5954,2022-05-27 14:57:00,2022-05-27 17:59:00,49,71,Airbus A380,A380-800F,252.0,PNILCYN,2022-04-27 14:57:00,UNITED,UAN,,,,,,,,
,167,aceptado,QAF8375,2022-06-05 06:12:00,2022-06-05 21:27:00,65,43,Embraer E190,E190-LR,27.753,CQRMLHT,2022-05-05 06:12:00,QANTAS,QAF,,,,,,,,
,190,aceptado,XLE2673,2022-06-08 17:04:00,2022-06-08 23:05:00,43,9,Bombardier CRJ,CRJ900,22.48,JQLPBYZ,2022-05-08 17:04:00,LATAM ECUADOR,XLE,,,,,,,,
111,92,aceptado,KEA7139,2022-04-07 10:27:00,2022-04-07 21:54:00,17,41,Airbus A380,A380-700,267.0,REBDPFN,2022-03-07 10:27:00,KOREAN AIR,KEA,242.0,279.85,12260.46,comercial,534.0,realizado,O98651462,Q49180524
197,161,aceptado,NCY9851,2022-04-14 18:14:00,2022-04-14 19:12:00,59,57,Airbus A350,A350-900,104.6,HTJXZZO,2022-03-14 18:14:00,NO_COMPANY,NCY,94.0,250.6,12028.69,comercial,209.0,realizado,V51246373,
110,91,aceptado,KEA5763,2022-06-19 05:56:00,2022-06-20 12:08:00,39,61,Airbus A380,A380-700,267.0,REBDPFN,2022-05-19 05:56:00,KOREAN AIR,KEA,64.0,230.96,10137.99,comercial,534.0,realizado,O98651462,
194,158,aceptado,NCY6746,2022-05-31 05:08:00,2022-05-31 12:50:00,49,65,Boeing 737,737-400,33.2,ZQZKYVL,2022-04-30 05:08:00,NO_COMPANY,NCY,153.0,231.06,11493.06,comercial,66.0,realizado,V51246373,L89163667
90,75,aceptado,KAI2862,2022-05-05 11:22:00,2022-05-05 15:36:00,1,53,Bombardier CRJ,CRJ700,20.509,NEWSDBH,2022-04-05 11:22:00,KALITTA AIR,KAI,79.0,234.89,11517.73,comercial,41.0,realizado,A85793465,
,154,aceptado,NCY4311,2022-05-02 03:59:00,2022-05-02 17:29:00,71,49,Bombardier CRJ,CRJ700,20.509,NEWSDBH,2022-04-02 03:59:00,NO_COMPANY,NCY,,,,,,,,
153,125,aceptado,LAW9189,2022-05-19 05:39:00,2022-05-19 10:33:00,51,15,Boeing 737,737-200,28.12,TPUYDBP,2022-04-19 05:39:00,LAW,LAW,111.0,239.99,12740.55,comercial,56.0,realizado,O98651462,A85793465
154,126,aceptado,LAW9612,2022-05-25 06:09:00,2022-05-26 15:04:00,19,35,Airbus A380,A380-700,267.0,REBDPFN,2022-04-25 06:09:00,LAW,LAW,221.0,262.91,11009.93,comercial,534.0,no realizado,A85793465,
141,115,aceptado,LAW3477,2022-05-23 19:15:00,2022-05-23 19:30:00,29,61,Boeing 747,747-300,178.1,YSLMIYD,2022-04-23 19:15:00,LAW,LAW,100.0,279.52,11261.99,comercial,356.0,realizado,V51246373,L01109034
182,149,aceptado,MPH4719,2022-06-19 08:57:00,2022-06-19 16:53:00,77,51,Boeing 737,737-900ER,44.675,KYKNUTH,2022-05-19 08:57:00,MARTINAIR HOLLAND,MPH,208.0,232.04,11673.1,comercial,89.0,realizado,V51246373,
163,,aceptado,LRC6557,2022-06-16 17:22:00,2022-06-17 18:53:00,33,77,Bombardier Global,Global 7500,27.987,WCRZZTI,,,,135.0,558.7,12754.15,privado,55.0,realizado,L91489362,
186,152,aceptado,NCY3184,2022-04-02 15:26:00,2022-04-03 04:04:00,71,55,Airbus A380,A380 Prestige,282.0,WRAPXAO,2022-03-02 15:26:00,NO_COMPANY,NCY,86.0,235.3,10118.19,comercial,564.0,realizado,A85793465,
7,5,aceptado,ADC8249,2022-05-29 01:26:00,2022-05-29 22:55:00,61,13,Boeing 737,737-400,33.2,ZQZKYVL,2022-04-29 01:26:00,AEROVIAS DAP (centro/norte),ADC,90.0,230.14,12331.98,comercial,66.0,realizado,J22810925,E10934506
1,,pendiente,ADC2433,2022-05-03 13:59:00,2022-05-03 22:19:00,29,23,Boeing C-17,Globemaster III,127.913,LNHBEFA,,,,314.0,328.99,16946.16,militar,255.0,no realizado,H06267236,
58,48,pendiente,EAL9981,2022-04-17 02:42:00,2022-04-17 21:15:00,3,23,Boeing 737,737-600,36.38,BQIKFIC,2022-03-17 02:42:00,EASTERN AIRLINES,EAL,4.0,226.76,10193.87,comercial,72.0,no realizado,O88716397,
210,,pendiente,UAN4384,2022-06-25 15:36:00,2022-06-25 23:35:00,61,21,Boeing KC-135,Stratotanker,44.663,PMJDMNY,,,,204.0,261.94,16279.4,militar,89.0,no realizado,H06267236,
180,148,aceptado,MPH1782,2022-05-04 19:23:00,2022-05-04 20:48:00,33,61,Airbus A350,A350-900,104.6,HTJXZZO,2022-04-04 19:23:00,MARTINAIR HOLLAND,MPH,115.0,248.49,12148.15,comercial,209.0,realizado,I74549867,V51246373
42,32,pendiente,COG1158,2022-06-25 00:09:00,2022-06-25 02:47:00,33,21,Airbus A220,A220-100,35.221,OJFBABA,2022-05-25 00:09:00,OCEANAIR,COG,40.0,258.23,12495.79,comercial,70.0,no realizado,O98651462,
,56,aceptado,ETA8691,2022-06-07 18:53:00,2022-06-07 19:22:00,21,75,Airbus A220,A220-100,35.221,OJFBABA,2022-05-07 18:53:00,ETHOPIAN AIRLINES,ETA,,,,,,,,
224,184,aceptado,UCA2799,2022-05-24 10:40:00,2022-05-24 13:20:00,41,61,Airbus A350,A350-900,104.6,HTJXZZO,2022-04-24 10:40:00,LATAM CARGO,UCA,143.0,232.38,10529.93,comercial,209.0,realizado,E10934506,
166,135,aceptado,LRC9582,2022-06-25 12:01:00,2022-06-25 18:27:00,29,3,Airbus A380,A380-700,267.0,REBDPFN,2022-05-25 12:01:00,LACSA,LRC,100.0,259.08,12854.57,comercial,534.0,realizado,L89163667,J22810925
,83,aceptado,KAI8425,2022-05-04 20:08:00,2022-05-04 20:30:00,27,3,Boeing 737,737-200,28.12,TPUYDBP,2022-04-04 20:08:00,KALITTA AIR,KAI,,,,,,,,
196,160,aceptado,NCY9589,2022-04-16 07:33:00,2022-04-16 19:04:00,11,11,Embraer E190,E190-AR,27.853,HEPBRIE,2022-03-16 07:33:00,NO_COMPANY,NCY,95.0,270.25,10213.93,comercial,55.0,realizado,L01109034,L89163667
,191,aceptado,XLE3285,2022-04-16 03:16:00,2022-04-16 03:57:00,75,47,Boeing 747,747-400,178.75,HVKSCXU,2022-03-16 03:16:00,LATAM ECUADOR,XLE,,,,,,,,
,165,aceptado,QAF8273,2022-04-22 06:15:00,2022-04-22 08:09:00,5,47,Boeing 737,737-500,31.3,KDFWVBZ,2022-03-22 06:15:00,QANTAS,QAF,,,,,,,,
52,42,aceptado,COG9963,2022-04-15 00:10:00,2022-04-15 03:25:00,45,51,Embraer E190,E190-AR,27.853,HEPBRIE,2022-03-15 00:10:00,OCEANAIR,COG,132.0,246.87,10048.18,comercial,55.0,realizado,C02131672,I74549867
,185,aceptado,UCA2899,2022-05-25 10:44:00,2022-05-25 13:24:00,39,61,Airbus A350,A350-900,104.6,HTJXZZO,2022-04-25 10:44:00,LATAM CARGO,UCA,,,,,,,,
,48,pendiente,EAL9981,2022-04-17 02:42:00,2022-04-17 21:15:00,3,23,Boeing 737,737-600,36.38,BQIKFIC,2022-03-17 02:42:00,EASTERN AIRLINES,EAL,,,,,,,,
238,194,aceptado,XLE4859,2022-05-04 10:20:00,2022-05-04 20:55:00,43,9,Airbus A380,A380 Prestige,282.0,WRAPXAO,2022-04-04 10:20:00,LATAM ECUADOR,XLE,122.0,256.85,11534.8,comercial,564.0,realizado,H50641909,
36,26,aceptado,BTA6594,2022-06-24 13:41:00,2022-06-24 17:53:00,49,33,Boeing 737,737-400,33.2,ZQZKYVL,2022-05-24 13:41:00,BRITISH,BTA,66.0,249.1,12213.73,comercial,66.0,realizado,O98651462,A85793465
,21,aceptado,BTA3276,2022-04-28 01:27:00,2022-04-28 14:25:00,53,51,Bombardier CRJ,CRJ900,22.48,JQLPBYZ,2022-03-28 01:27:00,BRITISH,BTA,,,,,,,,
83,68,aceptado,KAI2237,2022-06-08 17:30:00,2022-06-08 20:03:00,71,73,Airbus A220,A220-100,35.221,OJFBABA,2022-05-08 17:30:00,KALITTA AIR,KAI,71.0,276.33,12379.03,comercial,70.0,realizado,H50641909,Q46419538
,128,pendiente,LRC1458,2022-04-22 08:08:00,2022-04-22 08:11:00,57,7,Boeing 737,737-200,28.12,TPUYDBP,2022-03-22 08:08:00,LACSA,LRC,,,,,,,,
201,164,aceptado,QAF6392,2022-05-31 16:00:00,2022-05-31 18:42:00,29,11,Boeing 747,747-200B,174.0,AMJXYDC,2022-04-30 16:00:00,QANTAS,QAF,237.0,260.73,11084.34,comercial,348.0,realizado,F40422038,C02131672
6,4,aceptado,ADC7913,2022-06-08 05:42:00,2022-06-08 05:53:00,61,59,Airbus A380,A380-800,276.0,FSFMKAE,2022-05-08 05:42:00,AEROVIAS DAP (centro/norte),ADC,123.0,270.37,10365.98,comercial,552.0,realizado,E10934506,
41,31,aceptado,BTA9626,2022-06-16 00:06:00,2022-06-16 15:47:00,57,5,Boeing 737,737-700,38.15,ECWYCIG,2022-05-16 00:06:00,BRITISH,BTA,235.0,251.35,10028.88,comercial,76.0,realizado,Q46419538,E10934506
17,11,pendiente,AZI2919,2022-04-04 19:41:00,2022-04-04 23:10:00,3,23,Boeing 737,737-700,38.15,ECWYCIG,2022-03-04 19:41:00,ALITALIA,AZI,3.0,250.07,11236.14,comercial,76.0,no realizado,C02131672,A85793465
101,84,aceptado,KAI8523,2022-05-10 02:00:00,2022-05-10 06:42:00,19,73,Airbus A380,A380-700,267.0,REBDPFN,2022-04-10 02:00:00,KALITTA AIR,KAI,125.0,244.9,10233.88,comercial,534.0,realizado,H50641909,Q49180524
,2,aceptado,ADC4365,2022-04-30 12:29:00,2022-05-01 11:19:00,27,31,Boeing 737,737-500,31.3,KDFWVBZ,2022-03-30 12:29:00,AEROVIAS DAP (centro/norte),ADC,,,,,,,,
115,,aceptado,LAM4234,2022-06-24 04:11:00,2022-06-25 17:20:00,75,71,Embraer Phenom,300E,5.349,GNTSGWH,,,,300.0,508.21,12185.64,privado,10.0,realizado,H50641909,
106,88,aceptado,KEA1414,2022-04-03 09:06:00,2022-04-03 20:57:00,29,47,Boeing 737,737-400,33.2,ZQZKYVL,2022-03-03 09:06:00,KOREAN AIR,KEA,218.0,277.25,10612.57,comercial,66.0,no realizado,G16561693,
29,21,aceptado,BTA3276,2022-04-28 01:27:00,2022-04-28 14:25:00,53,51,Bombardier CRJ,CRJ900,22.48,JQLPBYZ,2022-03-28 01:27:00,BRITISH,BTA,233.0,236.71,11560.45,comercial,44.0,no realizado,E10934506,
212,172,aceptado,UAN4998,2022-05-01 08:46:00,2022-05-01 23:52:00,17,77,Airbus A380,A380-800F,252.0,PNILCYN,2022-04-01 08:46:00,UNITED,UAN,220.0,232.13,10956.44,comercial,504.0,no realizado,A85793465,
,38,aceptado,COG6548,2022-05-26 09:21:00,2022-05-26 23:45:00,55,59,Boeing 737,737-700,38.15,ECWYCIG,2022-04-26 09:21:00,OCEANAIR,COG,,,,,,,,
25,,aceptado,AZI8744,2022-06-14 00:18:00,2022-06-15 19:49:00,65,45,Bombardier Global,Global 7500,27.987,WCRZZTI,,,,223.0,589.64,10556.06,privado,55.0,realizado,C02131672,
,127,aceptado,LAW9752,2022-06-01 08:38:00,2022-06-01 23:06:00,17,73,Embraer E190,E190-LR,27.753,CQRMLHT,2022-05-01 08:38:00,LAW,LAW,,,,,,,,
202,165,aceptado,QAF8273,2022-04-22 06:15:00,2022-04-22 08:09:00,5,47,Boeing 737,737-500,31.3,KDFWVBZ,2022-03-22 06:15:00,QANTAS,QAF,123.0,269.76,10983.23,comercial,62.0,realizado,C02131672,
94,,pendiente,KAI6421,2022-04-22 02:01:00,2022-04-22 03:26:00,19,65,Embraer Legacy,Legacy 450,10.425,CZAGBGC,,,,275.0,435.46,11615.62,privado,20.0,no realizado,J22810925,S26547035
96,80,aceptado,KAI7192,2022-04-24 16:15:00,2022-04-25 23:14:00,41,45,Airbus A380,A380-800F,252.0,PNILCYN,2022-03-24 16:15:00,KALITTA AIR,KAI,103.0,230.88,10140.91,comercial,504.0,realizado,H50641909,Q46419538
,152,aceptado,NCY3184,2022-04-02 15:26:00,2022-04-03 04:04:00,71,55,Airbus A380,A380 Prestige,282.0,WRAPXAO,2022-03-02 15:26:00,NO_COMPANY,NCY,,,,,,,,
,31,aceptado,BTA9626,2022-06-16 00:06:00,2022-06-16 15:47:00,57,5,Boeing 737,737-700,38.15,ECWYCIG,2022-05-16 00:06:00,BRITISH,BTA,,,,,,,,
,45,aceptado,EAL8271,2022-05-23 13:45:00,2022-05-24 04:53:00,57,19,Boeing 737,737-700,38.15,ECWYCIG,2022-04-23 13:45:00,EASTERN AIRLINES,EAL,,,,,,,,
147,120,aceptado,LAW6351,2022-04-27 20:26:00,2022-04-28 17:11:00,17,1,Airbus A380,A380-800F,252.0,PNILCYN,2022-03-27 20:26:00,LAW,LAW,88.0,273.49,10038.6,comercial,504.0,realizado,L01109034,
,8,aceptado,ADC9962,2022-04-03 10:57:00,2022-04-03 23:52:00,27,11,Bombardier CRJ,CRJ700,20.509,NEWSDBH,2022-03-03 10:57:00,AEROVIAS DAP (centro/norte),ADC,,,,,,,,
,36,aceptado,COG6133,2022-04-08 02:02:00,2022-04-08 23:32:00,9,3,Airbus A380,A380-800,276.0,FSFMKAE,2022-03-08 02:02:00,OCEANAIR,COG,,,,,,,,
,92,aceptado,KEA7139,2022-04-07 10:27:00,2022-04-07 21:54:00,17,41,Airbus A380,A380-700,267.0,REBDPFN,2022-03-07 10:27:00,KOREAN AIR,KEA,,,,,,,,
164,133,pendiente,LRC6743,2022-04-03 07:58:00,2022-04-03 17:59:00,73,33,Boeing 747,747-200B,174.0,AMJXYDC,2022-03-03 07:58:00,LACSA,LRC,8.0,270.15,10238.26,comercial,348.0,no realizado,V51246373,S26547035
80,,aceptado,KAI1624,2022-05-28 08:47:00,2022-05-29 09:14:00,37,39,Embraer Legacy,Legacy 450,10.425,CZAGBGC,,,,159.0,482.72,12252.12,privado,20.0,realizado,C02131672,
,126,aceptado,LAW9612,2022-05-25 06:09:00,2022-05-26 15:04:00,19,35,Airbus A380,A380-700,267.0,REBDPFN,2022-04-25 06:09:00,LAW,LAW,,,,,,,,
,6,aceptado,ADC9112,2022-05-18 03:14:00,2022-05-18 15:29:00,45,77,Boeing 747,747-300,178.1,YSLMIYD,2022-04-18 03:14:00,AEROVIAS DAP (centro/norte),ADC,,,,,,,,
,75,aceptado,KAI2862,2022-05-05 11:22:00,2022-05-05 15:36:00,1,53,Bombardier CRJ,CRJ700,20.509,NEWSDBH,2022-04-05 11:22:00,KALITTA AIR,KAI,,,,,,,,
188,153,aceptado,NCY3933,2022-05-31 01:37:00,2022-05-31 19:41:00,39,15,Boeing 737,737-600,36.38,BQIKFIC,2022-04-30 01:37:00,NO_COMPANY,NCY,118.0,257.99,10346.71,comercial,72.0,realizado,A85793465,L01109034
,119,aceptado,LAW6318,2022-05-09 04:07:00,2022-05-09 18:06:00,47,55,Bombardier CRJ,CRJ700,20.509,NEWSDBH,2022-04-09 04:07:00,LAW,LAW,,,,,,,,
66,54,aceptado,ETA7128,2022-04-02 07:09:00,2022-04-02 13:47:00,5,23,Embraer E175,E175-AR,21.906,RHVXKLV,2022-03-02 07:09:00,ETHOPIAN AIRLINES,ETA,243.0,274.55,12140.98,comercial,43.0,realizado,I74549867,
,70,aceptado,KAI2257,2022-04-19 11:18:00,2022-04-20 02:37:00,23,43,Boeing 737,737-900ER,44.675,KYKNUTH,2022-03-19 11:18:00,KALITTA AIR,KAI,,,,,,,,
128,104,aceptado,LAT4157,2022-06-17 23:32:00,2022-06-18 23:34:00,37,61,Embraer E175,E175-LR,21.886,DTNMCIK,2022-05-17 23:32:00,LATAM INTER,LAT,163.0,240.96,12722.86,comercial,43.0,realizado,J22810925,O98651462
105,,aceptado,KAI9934,2022-06-25 02:07:00,2022-06-25 02:39:00,11,9,Eurocopter EC725,Cougar Mk.II,5.505,HNRJJQB,,,,141.0,274.88,15856.53,militar,11.0,realizado,H06267236,
,194,aceptado,XLE4859,2022-05-04 10:20:00,2022-05-04 20:55:00,43,9,Airbus A380,A380 Prestige,282.0,WRAPXAO,2022-04-04 10:20:00,LATAM ECUADOR,XLE,,,,,,,,
73,60,aceptado,IBE2338,2022-04-23 10:02:00,2022-04-23 13:01:00,41,61,Boeing 747,747-300,178.1,YSLMIYD,2022-03-23 10:02:00,IBERIA,IBE,137.0,239.31,10852.03,comercial,356.0,realizado,B96464671,G16561693
,139,aceptado,LUD3851,2022-04-26 05:35:00,2022-04-26 11:05:00,67,47,Airbus A350,A350-900,104.6,HTJXZZO,2022-03-26 05:35:00,LATAM DOMESTICO,LUD,,,,,,,,
,161,aceptado,NCY9851,2022-04-14 18:14:00,2022-04-14 19:12:00,59,57,Airbus A350,A350-900,104.6,HTJXZZO,2022-03-14 18:14:00,NO_COMPANY,NCY,,,,,,,,
44,34,aceptado,COG3144,2022-04-21 13:35:00,2022-04-22 12:11:00,39,71,Boeing 737,737-400,33.2,ZQZKYVL,2022-03-21 13:35:00,OCEANAIR,COG,213.0,248.08,12273.77,comercial,56.0,realizado,A85793465,H50641909
,155,rechazado,NCY4322,2022-06-21 04:26:00,2022-06-21 08:04:00,39,45,Boeing 737,737-900ER,44.675,KYKNUTH,2022-05-21 04:26:00,NO_COMPANY,NCY,,,,,,,,
,107,aceptado,LAT5532,2022-06-16 04:02:00,2022-06-17 11:47:00,33,17,Boeing 747,747-ER,184.6,NLBYLJG,2022-05-16 04:02:00,LATAM INTER,LAT,,,,,,,,
151,123,pendiente,LAW8124,2022-06-18 02:12:00,2022-06-18 04:43:00,69,3,Boeing 737,737-900ER,44.675,KYKNUTH,2022-05-18 02:12:00,LAW,LAW,26.0,259.7,11886.07,comercial,89.0,no realizado,A85793465,
155,127,aceptado,LAW9752,2022-06-01 08:38:00,2022-06-01 23:06:00,17,73,Embraer E190,E190-LR,27.753,CQRMLHT,2022-05-01 08:38:00,LAW,LAW,133.0,274.17,10180.26,comercial,55.0,realizado,A85793465,
226,186,aceptado,UCA3459,2022-04-24 10:22:00,2022-04-24 16:51:00,73,9,Boeing 737,737-200,28.12,TPUYDBP,2022-03-24 10:22:00,LATAM CARGO,UCA,228.0,252.64,11725.1,comercial,56.0,no realizado,E10934506,
,102,aceptado,LAT1186,2022-04-01 06:33:00,2022-04-01 07:46:00,53,45,Boeing 737,737-800,41.415,VEMIWPS,2022-03-01 06:33:00,LATAM INTER,LAT,,,,,,,,
,146,aceptado,LUD9372,2022-05-13 09:46:00,2022-05-14 16:00:00,39,37,Embraer E175,E175-LR,21.886,DTNMCIK,2022-04-13 09:46:00,LATAM DOMESTICO,LUD,,,,,,,,
,118,aceptado,LAW5896,2022-05-07 18:43:00,2022-05-08 22:50:00,1,31,Airbus A220,A220-100,35.221,OJFBABA,2022-04-07 18:43:00,LAW,LAW,,,,,,,,
20,14,pendiente,AZI6648,2022-06-22 08:59:00,2022-06-22 16:13:00,19,41,Embraer E175,E175-AR,21.906,RHVXKLV,2022-05-22 08:59:00,ALITALIA,AZI,16.0,227.65,11816.4,comercial,43.0,no realizado,L89163667,
,198,pendiente,XLE8718,2022-05-30 07:03:00,2022-05-31 00:51:00,11,33,Bombardier CRJ,CRJ700,20.509,NEWSDBH,2022-04-30 07:03:00,LATAM ECUADOR,XLE,,,,,,,,
,65,aceptado,IBE9967,2022-05-06 06:22:00,2022-05-06 06:45:00,3,67,Boeing 737,737-800,41.415,VEMIWPS,2022-04-06 06:22:00,IBERIA,IBE,,,,,,,,
211,171,pendiente,UAN4941,2022-06-24 00:42:00,2022-06-24 06:05:00,71,17,Boeing 737,737-800,41.415,VEMIWPS,2022-05-24 00:42:00,UNITED,UAN,27.0,259.13,11399.25,comercial,82.0,no realizado,O98651462,
69,56,aceptado,ETA8691,2022-06-07 18:53:00,2022-06-07 19:22:00,21,75,Airbus A220,A220-100,35.221,OJFBABA,2022-05-07 18:53:00,ETHOPIAN AIRLINES,ETA,122.0,229.53,11731.3,comercial,70.0,realizado,I74549867,J22810925
,143,aceptado,LUD7112,2022-04-17 06:50:00,2022-04-17 17:22:00,63,17,Boeing 737,737-900ER,44.675,KYKNUTH,2022-03-17 06:50:00,LATAM DOMESTICO,LUD,,,,,,,,
,125,aceptado,LAW9189,2022-05-19 05:39:00,2022-05-19 10:33:00,51,15,Boeing 737,737-200,28.12,TPUYDBP,2022-04-19 05:39:00,LAW,LAW,,,,,,,,
,39,aceptado,COG7359,2022-04-10 13:03:00,2022-04-10 22:23:00,65,65,Airbus A380,A380-700,267.0,REBDPFN,2022-03-10 13:03:00,OCEANAIR,COG,,,,,,,,
124,103,aceptado,LAT2175,2022-04-20 02:16:00,2022-04-20 10:17:00,17,1,Embraer Praetor,Praetor 600,11.503,WYPTNLZ,2022-03-20 02:16:00,LATAM INTER,LAT,88.0,264.17,10330.16,comercial,23.0,realizado,Q49180524,
,97,rechazado,LAM5782,2022-06-06 18:54:00,2022-06-07 22:29:00,61,7,Airbus A380,A380-800F,252.0,PNILCYN,2022-05-06 18:54:00,LATAM ARGENTINA,LAM,,,,,,,,
38,28,aceptado,BTA6916,2022-05-26 05:52:00,2022-05-26 22:45:00,21,9,Boeing 737,737-800,41.415,VEMIWPS,2022-04-26 05:52:00,BRITISH,BTA,161.0,238.93,12280.59,comercial,82.0,realizado,A85793465,
,178,aceptado,UCA2399,2022-05-18 10:50:00,2022-05-18 14:40:00,41,61,Airbus A350,A350-900,104.6,HTJXZZO,2022-04-18 10:50:00,LATAM CARGO,UCA,,,,,,,,
,59,aceptado,IBE1653,2022-06-17 03:44:00,2022-06-17 19:57:00,31,19,Boeing 747,747-300,178.1,YSLMIYD,2022-05-17 03:44:00,IBERIA,IBE,,,,,,,,
,111,aceptado,LAW1134,2022-06-24 17:43:00,2022-06-25 13:26:00,27,5,Embraer E175,E175-AR,21.906,RHVXKLV,2022-05-24 17:43:00,LAW,LAW,,,,,,,,
76,63,pendiente,IBE6559,2022-04-08 13:49:00,2022-04-08 19:22:00,1,23,Airbus A380,A380-800F,252.0,PNILCYN,2022-03-08 13:49:00,IBERIA,IBE,36.0,229.82,12359.32,comercial,504.0,no realizado,G16561693,
,41,pendiente,COG8521,2022-06-02 10:24:00,2022-06-03 20:55:00,47,21,Bombardier CRJ,CRJ700,20.509,NEWSDBH,2022-05-02 10:24:00,OCEANAIR,COG,,,,,,,,
,42,aceptado,COG9963,2022-04-15 00:10:00,2022-04-15 03:25:00,45,51,Embraer E190,E190-AR,27.853,HEPBRIE,2022-03-15 00:10:00,OCEANAIR,COG,,,,,,,,
173,141,aceptado,LUD5927,2022-05-23 12:27:00,2022-05-23 16:54:00,75,37,Boeing 737,737-800,41.415,VEMIWPS,2022-04-23 12:27:00,LATAM DOMESTICO,LUD,23.0,254.34,10001.41,comercial,82.0,realizado,G16561693,
122,,aceptado,LAM9681,2022-04-04 07:10:00,2022-04-05 15:36:00,9,15,Embraer Praetor,Praetor 500,10.391,CMUZMTA,,,,306.0,552.02,10265.38,privado,20.0,realizado,S26547035,L91489362
190,155,rechazado,NCY4322,2022-06-21 04:26:00,2022-06-21 08:04:00,39,45,Boeing 737,737-900ER,44.675,KYKNUTH,2022-05-21 04:26:00,NO_COMPANY,NCY,47.0,232.2,12589.07,comercial,89.0,no realizado,L89163667,
5,3,aceptado,ADC6283,2022-04-21 15:10:00,2022-04-21 17:05:00,71,33,Boeing 747,747-400,178.75,HVKSCXU,2022-03-21 15:10:00,AEROVIAS DAP (centro/norte),ADC,268.0,222.31,10426.22,comercial,357.0,realizado,L01109034,E10934506
,46,aceptado,EAL8614,2022-05-20 05:57:00,2022-05-20 11:15:00,29,57,Airbus A380,A380-700,267.0,REBDPFN,2022-04-20 05:57:00,EASTERN AIRLINES,EAL,,,,,,,,
79,65,aceptado,IBE9967,2022-05-06 06:22:00,2022-05-06 06:45:00,3,67,Boeing 737,737-800,41.415,VEMIWPS,2022-04-06 06:22:00,IBERIA,IBE,181.0,250.46,10676.28,comercial,82.0,realizado,A35692355,L89163667
77,,aceptado,IBE8288,2022-06-09 00:15:00,2022-06-09 00:22:00,29,61,Embraer Legacy,Legacy 500,10.75,RVWDIMC,,,,99.0,477.56,10381.64,privado,21.0,realizado,S26547035,
,197,aceptado,XLE7933,2022-04-09 23:49:00,2022-04-10 00:22:00,57,61,Boeing 747,747-400,178.75,HVKSCXU,2022-03-09 23:49:00,LATAM ECUADOR,XLE,,,,,,,,
45,35,aceptado,COG4299,2022-04-19 04:19:00,2022-04-20 06:18:00,23,13,Boeing 747,747-400,178.75,HVKSCXU,2022-03-19 04:19:00,OCEANAIR,COG,270.0,230.18,11647.94,comercial,357.0,realizado,O98651462,
102,85,aceptado,KAI8597,2022-04-04 00:11:00,2022-04-04 11:05:00,47,73,Embraer E190,E190-LR,27.753,CQRMLHT,2022-03-04 00:11:00,KALITTA AIR,KAI,141.0,237.9,11640.43,comercial,55.0,realizado,A85793465,
46,36,aceptado,COG6133,2022-04-08 02:02:00,2022-04-08 23:32:00,9,3,Airbus A380,A380-800,276.0,FSFMKAE,2022-03-08 02:02:00,OCEANAIR,COG,161.0,279.93,11583.45,comercial,552.0,no realizado,I74549867,
54,44,aceptado,EAL7933,2022-04-21 00:37:00,2022-04-21 12:29:00,71,47,Boeing 747,747-400,178.75,HVKSCXU,2022-03-21 00:37:00,EASTERN AIRLINES,EAL,263.0,253.79,11344.54,comercial,357.0,realizado,O88716397,A85793465
,11,pendiente,AZI2919,2022-04-04 19:41:00,2022-04-04 23:10:00,3,23,Boeing 737,737-700,38.15,ECWYCIG,2022-03-04 19:41:00,ALITALIA,AZI,,,,,,,,
125,,aceptado,LAT3518,2022-04-22 22:05:00,2022-04-22 23:46:00,13,43,Embraer Praetor,Praetor 600,11.503,WYPTNLZ,,,,313.0,534.41,11064.49,privado,23.0,realizado,C02131672,J22810925
,172,aceptado,UAN4998,2022-05-01 08:46:00,2022-05-01 23:52:00,17,77,Airbus A380,A380-800F,252.0,PNILCYN,2022-04-01 08:46:00,UNITED,UAN,,,,,,,,
,166,aceptado,QAF8281,2022-06-05 17:56:00,2022-06-05 22:48:00,45,39,Boeing 747,747-ER,184.6,NLBYLJG,2022-05-05 17:56:00,QANTAS,QAF,,,,,,,,
97,,rechazado,KAI7757,2022-04-06 19:58:00,2022-04-06 23:46:00,63,13,Embraer Legacy,Legacy 450,10.425,CZAGBGC,,,,284.0,440.49,12747.52,privado,20.0,no realizado,L91489362,H06267236
,52,aceptado,ETA6487,2022-06-12 00:52:00,2022-06-12 12:39:00,35,53,Airbus A380,A380-700,267.0,REBDPFN,2022-05-12 00:52:00,ETHOPIAN AIRLINES,ETA,,,,,,,,
100,83,aceptado,KAI8425,2022-05-04 20:08:00,2022-05-04 20:30:00,27,3,Boeing 737,737-200,28.12,TPUYDBP,2022-04-04 20:08:00,KALITTA AIR,KAI,48.0,245.36,11999.41,comercial,56.0,no realizado,Q46419538,
,105,aceptado,LAT4657,2022-04-18 02:42:00,2022-04-19 12:45:00,9,65,Embraer Praetor,Praetor 600,11.503,WYPTNLZ,2022-03-18 02:42:00,LATAM INTER,LAT,,,,,,,,
227,187,aceptado,UCA4751,2022-04-30 19:06:00,2022-05-01 15:20:00,37,61,Boeing 737,737-400,33.2,ZQZKYVL,2022-03-30 19:06:00,LATAM CARGO,UCA,162.0,276.21,11855.8,comercial,66.0,realizado,L89163667,
89,74,aceptado,KAI2657,2022-06-21 12:00:00,2022-06-21 15:10:00,1,73,Airbus A220,A220-300,37.081,MRUIKBP,2022-05-18 12:00:00,KALITTA AIR,KAI,71.0,276.33,12379.03,comercial,70.0,realizado,Q46419538,E10934506
,33,aceptado,COG2223,2022-05-02 14:17:00,2022-05-02 23:52:00,45,13,Boeing 747,747-200B,174.0,AMJXYDC,2022-04-02 14:17:00,OCEANAIR,COG,,,,,,,,
,164,aceptado,QAF6392,2022-05-31 16:00:00,2022-05-31 18:42:00,29,11,Boeing 747,747-200B,174.0,AMJXYDC,2022-04-30 16:00:00,QANTAS,QAF,,,,,,,,
,61,aceptado,IBE3388,2022-05-09 00:56:00,2022-05-09 01:22:00,15,73,Airbus A350,A350-900,104.6,HTJXZZO,2022-04-09 00:56:00,IBERIA,IBE,,,,,,,,
220,180,rechazado,UCA2521,2022-06-15 10:35:00,2022-06-15 12:01:00,27,45,Bombardier CRJ,CRJ700,20.509,NEWSDBH,2022-05-15 10:35:00,LATAM CARGO,UCA,41.0,274.82,12874.06,comercial,41.0,no realizado,B96464671,
64,52,aceptado,ETA6487,2022-06-12 00:52:00,2022-06-12 12:39:00,35,53,Airbus A380,A380-700,267.0,REBDPFN,2022-05-12 00:52:00,ETHOPIAN AIRLINES,ETA,74.0,274.07,12089.87,comercial,534.0,realizado,L01109034,
214,174,aceptado,UAN6387,2022-04-28 05:19:00,2022-04-28 11:02:00,13,71,Embraer E175,E175-AR,21.906,RHVXKLV,2022-03-28 05:19:00,UNITED,UAN,226.0,229.69,12577.68,comercial,43.0,no realizado,F40422038,O88716397
,9,aceptado,AZI1524,2022-06-16 00:29:00,2022-06-16 18:34:00,11,61,Boeing 747,747-100,162.4,ALYMGWS,2022-05-16 00:29:00,ALITALIA,AZI,,,,,,,,
,196,aceptado,XLE5463,2022-05-23 05:06:00,2022-05-23 16:57:00,17,51,Boeing 747,747-400,178.75,HVKSCXU,2022-04-23 05:06:00,LATAM ECUADOR,XLE,,,,,,,,
,177,aceptado,UCA2299,2022-05-17 11:50:00,2022-05-17 16:40:00,39,61,Airbus A350,A350-900,104.6,HTJXZZO,2022-04-17 11:50:00,LATAM CARGO,UCA,,,,,,,,
195,159,aceptado,NCY8756,2022-05-05 05:01:00,2022-05-05 15:06:00,37,33,Boeing 737,737-600,36.38,BQIKFIC,2022-04-05 05:01:00,NO_COMPANY,NCY,80.0,239.21,12262.4,comercial,72.0,realizado,V51246373,
,149,aceptado,MPH4719,2022-06-19 08:57:00,2022-06-19 16:53:00,77,51,Boeing 737,737-900ER,44.675,KYKNUTH,2022-05-19 08:57:00,MARTINAIR HOLLAND,MPH,,,,,,,,
,156,aceptado,NCY5615,2022-05-09 07:32:00,2022-05-09 13:50:00,47,27,Airbus A350,A350-900,104.6,HTJXZZO,2022-04-09 07:32:00,NO_COMPANY,NCY,,,,,,,,
175,143,aceptado,LUD7112,2022-04-17 06:50:00,2022-04-17 17:22:00,63,17,Boeing 737,737-900ER,44.675,KYKNUTH,2022-03-17 06:50:00,LATAM DOMESTICO,LUD,108.0,267.89,12264.46,comercial,89.0,realizado,C02131672,
152,124,pendiente,LAW9141,2022-04-30 09:54:00,2022-05-01 22:52:00,31,7,Embraer E190,E190-AR,27.853,HEPBRIE,2022-03-30 09:54:00,LAW,LAW,21.0,234.04,11398.88,comercial,55.0,no realizado,O98651462,
241,197,aceptado,XLE7933,2022-04-09 23:49:00,2022-04-10 00:22:00,57,61,Boeing 747,747-400,178.75,HVKSCXU,2022-03-09 23:49:00,LATAM ECUADOR,XLE,209.0,269.63,10553.6,comercial,357.0,realizado,E10934506,
,37,aceptado,COG6236,2022-04-14 11:02:00,2022-04-14 22:44:00,69,9,Embraer E175,E175-LR,21.886,DTNMCIK,2022-03-14 11:02:00,OCEANAIR,COG,,,,,,,,
,163,aceptado,QAF4555,2022-05-27 00:12:00,2022-05-27 14:39:00,39,69,Boeing 737,737-400,33.2,ZQZKYVL,2022-04-27 00:12:00,QANTAS,QAF,,,,,,,,
88,73,aceptado,KAI2457,2022-06-18 11:00:00,2022-06-18 15:20:00,5,73,Airbus A220,A220-100,35.221,OJFBABA,2022-05-18 11:00:00,KALITTA AIR,KAI,71.0,276.33,12379.03,comercial,70.0,realizado,H50641909,
223,183,aceptado,UCA2714,2022-06-17 01:45:00,2022-06-17 15:20:00,39,9,Embraer E175,E175-LR,21.886,DTNMCIK,2022-05-17 01:45:00,LATAM CARGO,UCA,171.0,222.64,10911.26,comercial,43.0,realizado,E10934506,L89163667
,14,pendiente,AZI6648,2022-06-22 08:59:00,2022-06-22 16:13:00,19,41,Embraer E175,E175-AR,21.906,RHVXKLV,2022-05-22 08:59:00,ALITALIA,AZI,,,,,,,,
170,,pendiente,LUD3665,2022-05-02 19:49:00,2022-05-03 17:53:00,3,43,Bombardier Global,Global 8000,24.63,RWDSNHW,,,,281.0,564.57,10356.95,privado,49.0,no realizado,A85793465,L91489362
199,162,aceptado,QAF4466,2022-04-15 01:23:00,2022-04-15 02:07:00,39,45,Boeing 747,747-400,178.75,HVKSCXU,2022-03-15 01:23:00,QANTAS,QAF,46.0,267.37,10976.59,comercial,357.0,realizado,F40422038,A85793465
53,43,aceptado,EAL6494,2022-06-24 08:27:00,2022-06-24 10:34:00,27,73,Boeing 737,737-700,38.15,ECWYCIG,2022-05-24 08:27:00,EASTERN AIRLINES,EAL,173.0,263.1,12355.4,comercial,76.0,realizado,A85793465,
,10,aceptado,AZI2817,2022-05-16 22:10:00,2022-05-16 23:14:00,17,1,Boeing 747,747-100,162.4,ALYMGWS,2022-04-16 22:10:00,ALITALIA,AZI,,,,,,,,
185,151,aceptado,NCY1133,2022-04-13 01:11:00,2022-04-13 21:15:00,71,57,Boeing 747,747-400,178.75,HVKSCXU,2022-03-13 01:11:00,NO_COMPANY,NCY,261.0,279.67,11417.85,comercial,357.0,realizado,V51246373,L89163667
221,181,aceptado,UCA2599,2022-05-21 11:30:00,2022-05-22 13:30:00,41,61,Boeing C-17,Globemaster III,127.913,LNHBEFA,2022-04-21 11:30:00,LATAM CARGO,UCA,143.0,232.38,10529.93,comercial,209.0,realizado,E10934506,J22810925
,159,aceptado,NCY8756,2022-05-05 05:01:00,2022-05-05 15:06:00,37,33,Boeing 737,737-600,36.38,BQIKFIC,2022-04-05 05:01:00,NO_COMPANY,NCY,,,,,,,,
,17,aceptado,AZI8574,2022-05-31 13:04:00,2022-05-31 15:19:00,73,53,Airbus A380,A380 Prestige,282.0,WRAPXAO,2022-04-30 13:04:00,ALITALIA,AZI,,,,,,,,
132,108,aceptado,LAT6973,2022-06-20 08:48:00,2022-06-20 16:50:00,49,23,Airbus A220,A220-300,37.081,MRUIKBP,2022-05-20 08:48:00,LATAM INTER,LAT,201.0,242.94,10376.47,comercial,74.0,realizado,S26547035,J22810925
13,,aceptado,AZI1818,2022-05-10 11:15:00,2022-05-10 19:18:00,35,41,Embraer Praetor,Praetor 600,11.503,WYPTNLZ,,,,308.0,425.01,10366.67,privado,23.0,realizado,C02131672,H50641909
61,,pendiente,ETA4214,2022-06-04 08:12:00,2022-06-04 08:53:00,43,5,Embraer Legacy,Legacy 500,10.75,RVWDIMC,,,,277.0,536.53,11478.22,privado,21.0,no realizado,E10934506,A85793465
193,157,aceptado,NCY5888,2022-04-06 06:52:00,2022-04-06 14:41:00,71,21,Boeing 737,737-600,36.38,BQIKFIC,2022-03-06 06:52:00,NO_COMPANY,NCY,148.0,241.5,10984.45,comercial,72.0,realizado,L01109034,
138,,aceptado,LAW2633,2022-04-10 10:35:00,2022-04-10 20:30:00,55,3,Boeing C-17,Globemaster III,127.913,LNHBEFA,,,,324.0,275.83,16206.22,militar,255.0,realizado,O88716397,
,72,aceptado,KAI2357,2022-06-14 10:00:00,2022-06-14 15:00:00,11,73,Airbus A220,A220-100,35.221,OJFBABA,2022-05-13 10:00:00,KALITTA AIR,KAI,,,,,,,,
55,45,aceptado,EAL8271,2022-05-23 13:45:00,2022-05-24 04:53:00,57,19,Boeing 737,737-700,38.15,ECWYCIG,2022-04-23 13:45:00,EASTERN AIRLINES,EAL,249.0,222.92,10173.84,comercial,76.0,realizado,O88716397,
181,,rechazado,MPH2457,2022-06-27 01:15:00,2022-06-27 01:15:00,23,71,Eurocopter EC725,Cougar Mk.II,5.505,HNRJJQB,,,,320.0,278.74,15239.36,militar,11.0,no realizado,H06267236,
,64,aceptado,IBE8751,2022-04-18 19:43:00,2022-04-18 23:35:00,55,7,Boeing 747,747-400,178.75,HVKSCXU,2022-03-18 19:43:00,IBERIA,IBE,,,,,,,,
169,138,aceptado,LUD2683,2022-05-14 05:54:00,2022-05-15 22:21:00,17,47,Airbus A380,A380-800F,252.0,PNILCYN,2022-04-14 05:54:00,LATAM DOMESTICO,LUD,105.0,229.02,11770.54,comercial,504.0,realizado,G16561693,
177,145,pendiente,LUD8647,2022-06-20 08:57:00,2022-06-20 13:07:00,33,57,Boeing 737,737-500,31.3,KDFWVBZ,2022-05-20 08:57:00,LATAM DOMESTICO,LUD,6.0,274.55,11093.9,comercial,62.0,no realizado,O98651462,
165,134,aceptado,LRC7787,2022-04-06 04:03:00,2022-04-06 10:10:00,25,23,Boeing 747,747-200B,174.0,AMJXYDC,2022-03-06 04:03:00,LACSA,LRC,128.0,276.48,11008.93,comercial,348.0,realizado,S26547035,
161,132,pendiente,LRC5343,2022-04-08 18:00:00,2022-04-08 19:49:00,23,21,Boeing 737,737-600,36.38,BQIKFIC,2022-03-08 18:00:00,LACSA,LRC,1.0,223.69,11831.11,comercial,72.0,no realizado,J22810925,
,29,aceptado,BTA8394,2022-04-14 12:54:00,2022-04-14 19:34:00,61,69,Boeing 747,747-400,178.75,HVKSCXU,2022-03-14 12:54:00,BRITISH,BTA,,,,,,,,
134,110,pendiente,LAT9621,2022-06-08 04:18:00,2022-06-08 05:30:00,51,49,Airbus A220,A220-300,37.081,MRUIKBP,2022-05-08 04:18:00,LATAM INTER,LAT,11.0,260.94,10096.66,comercial,74.0,no realizado,S26547035,
,81,aceptado,KAI7891,2022-04-15 03:19:00,2022-04-15 22:46:00,73,53,Embraer Praetor,Praetor 600,11.503,WYPTNLZ,2022-03-15 03:19:00,KALITTA AIR,KAI,,,,,,,,
,181,aceptado,UCA2599,2022-05-21 11:30:00,2022-05-22 13:30:00,41,61,Boeing C-17,Globemaster III,127.913,LNHBEFA,2022-04-21 11:30:00,LATAM CARGO,UCA,,,,,,,,
15,10,aceptado,AZI2817,2022-05-16 22:10:00,2022-05-16 23:14:00,17,1,Boeing 747,747-100,162.4,ALYMGWS,2022-04-16 22:10:00,ALITALIA,AZI,89.0,244.43,11427.16,comercial,324.0,realizado,Q46419538,L89163667
,26,aceptado,BTA6594,2022-06-24 13:41:00,2022-06-24 17:53:00,49,33,Boeing 737,737-400,33.2,ZQZKYVL,2022-05-24 13:41:00,BRITISH,BTA,,,,,,,,
,124,pendiente,LAW9141,2022-04-30 09:54:00,2022-05-01 22:52:00,31,7,Embraer E190,E190-AR,27.853,HEPBRIE,2022-03-30 09:54:00,LAW,LAW,,,,,,,,
,110,pendiente,LAT9621,2022-06-08 04:18:00,2022-06-08 05:30:00,51,49,Airbus A220,A220-300,37.081,MRUIKBP,2022-05-08 04:18:00,LATAM INTER,LAT,,,,,,,,
56,46,aceptado,EAL8614,2022-05-20 05:57:00,2022-05-20 11:15:00,29,57,Airbus A380,A380-700,267.0,REBDPFN,2022-04-20 05:57:00,EASTERN AIRLINES,EAL,179.0,242.02,11916.36,comercial,534.0,realizado,O88716397,S26547035
12,9,aceptado,AZI1524,2022-06-16 00:29:00,2022-06-16 18:34:00,11,61,Boeing 747,747-100,162.4,ALYMGWS,2022-05-16 00:29:00,ALITALIA,AZI,151.0,271.41,12956.61,comercial,324.0,realizado,L89163667,
156,128,pendiente,LRC1458,2022-04-22 08:08:00,2022-04-22 08:11:00,57,7,Boeing 737,737-200,28.12,TPUYDBP,2022-03-22 08:08:00,LACSA,LRC,35.0,257.43,12587.34,comercial,56.0,no realizado,J22810925,
49,39,aceptado,COG7359,2022-04-10 13:03:00,2022-04-10 22:23:00,65,65,Airbus A380,A380-700,267.0,REBDPFN,2022-03-10 13:03:00,OCEANAIR,COG,106.0,258.51,11547.77,comercial,534.0,realizado,O98651462,H50641909
60,50,aceptado,ETA2413,2022-06-03 06:46:00,2022-06-03 23:35:00,61,63,Airbus A380,A380 Prestige,282.0,WRAPXAO,2022-05-03 06:46:00,ETHOPIAN AIRLINES,ETA,78.0,228.19,12996.0,comercial,564.0,realizado,J22810925,
,136,aceptado,LRC9669,2022-04-21 00:18:00,2022-04-21 11:38:00,47,5,Embraer Praetor,Praetor 600,11.503,WYPTNLZ,2022-03-21 00:18:00,LACSA,LRC,,,,,,,,
,44,aceptado,EAL7933,2022-04-21 00:37:00,2022-04-21 12:29:00,71,47,Boeing 747,747-400,178.75,HVKSCXU,2022-03-21 00:37:00,EASTERN AIRLINES,EAL,,,,,,,,
,84,aceptado,KAI8523,2022-05-10 02:00:00,2022-05-10 06:42:00,19,73,Airbus A380,A380-700,267.0,REBDPFN,2022-04-10 02:00:00,KALITTA AIR,KAI,,,,,,,,
135,111,aceptado,LAW1134,2022-06-24 17:43:00,2022-06-25 13:26:00,27,5,Embraer E175,E175-AR,21.906,RHVXKLV,2022-05-24 17:43:00,LAW,LAW,211.0,271.45,10550.24,comercial,43.0,realizado,V51246373,L01109034
,135,aceptado,LRC9582,2022-06-25 12:01:00,2022-06-25 18:27:00,29,3,Airbus A380,A380-700,267.0,REBDPFN,2022-05-25 12:01:00,LACSA,LRC,,,,,,,,
63,51,aceptado,ETA5917,2022-04-20 07:54:00,2022-04-20 20:55:00,7,55,Boeing 747,747-400,178.75,HVKSCXU,2022-03-20 07:54:00,ETHOPIAN AIRLINES,ETA,22.0,270.31,10190.23,comercial,357.0,realizado,G16561693,B96464671
,69,aceptado,KAI2247,2022-06-09 18:00:00,2022-06-09 20:00:00,41,61,Airbus A220,A220-100,35.221,OJFBABA,2022-05-09 18:00:00,KALITTA AIR,KAI,,,,,,,,
,129,aceptado,LRC4224,2022-06-07 11:02:00,2022-06-07 14:03:00,65,61,Boeing 737,737-400,33.2,ZQZKYVL,2022-05-07 11:02:00,LACSA,LRC,,,,,,,,
65,53,aceptado,ETA6742,2022-04-15 09:36:00,2022-04-15 17:22:00,41,61,Boeing 747,747-400,178.75,HVKSCXU,2022-03-15 09:36:00,ETHOPIAN AIRLINES,ETA,186.0,261.48,12708.15,comercial,357.0,realizado,J22810925,I74549867
86,71,aceptado,KAI2257,2022-06-13 12:00:00,2022-06-13 21:00:00,41,61,Airbus A220,A220-100,35.221,OJFBABA,2022-05-13 12:00:00,KALITTA AIR,KAI,71.0,276.33,12379.03,comercial,70.0,realizado,Q49180524,E10934506
,184,aceptado,UCA2799,2022-05-24 10:40:00,2022-05-24 13:20:00,41,61,Airbus A350,A350-900,104.6,HTJXZZO,2022-04-24 10:40:00,LATAM CARGO,UCA,,,,,,,,
229,,aceptado,UCA9699,2022-04-11 13:44:00,2022-04-11 14:17:00,15,19,Embraer Praetor,Praetor 500,10.391,CMUZMTA,,,,237.0,489.35,12725.88,privado,20.0,realizado,E10934506,A85793465
,114,pendiente,LAW2798,2022-04-08 12:12:00,2022-04-08 21:37:00,25,15,Airbus A350,A350-900,104.6,HTJXZZO,2022-03-08 12:12:00,LAW,LAW,,,,,,,,
,85,aceptado,KAI8597,2022-04-04 00:11:00,2022-04-04 11:05:00,47,73,Embraer E190,E190-LR,27.753,CQRMLHT,2022-03-04 00:11:00,KALITTA AIR,KAI,,,,,,,,
81,66,aceptado,KAI1864,2022-05-19 08:42:00,2022-05-19 09:16:00,29,73,Boeing 747,747-300,178.1,YSLMIYD,2022-04-19 08:42:00,KALITTA AIR,KAI,215.0,274.56,11799.59,comercial,356.0,no realizado,Q49180524,
78,64,aceptado,IBE8751,2022-04-18 19:43:00,2022-04-18 23:35:00,55,7,Boeing 747,747-400,178.75,HVKSCXU,2022-03-18 19:43:00,IBERIA,IBE,22.0,262.47,11206.79,comercial,357.0,realizado,G16561693,
,170,aceptado,UAN2881,2022-04-10 15:15:00,2022-04-11 09:29:00,57,61,Airbus A380,A380-800F,252.0,PNILCYN,2022-03-10 15:15:00,UNITED,UAN,,,,,,,,
127,,aceptado,LAT3715,2022-05-07 11:26:00,2022-05-07 11:55:00,49,31,Boeing C-17,Globemaster III,127.913,LNHBEFA,,,,321.0,289.8,15367.09,militar,255.0,realizado,H06267236,O88716397
16,,aceptado,AZI2865,2022-06-03 02:15:00,2022-06-03 11:23:00,33,51,Embraer Phenom,300E,5.349,GNTSGWH,,,,295.0,578.89,12307.93,privado,10.0,realizado,A85793465,
159,130,aceptado,LRC4743,2022-04-03 03:32:00,2022-04-03 21:58:00,71,71,Airbus A380,A380-800,276.0,FSFMKAE,2022-03-03 03:32:00,LACSA,LRC,239.0,272.72,12946.99,comercial,552.0,realizado,J22810925,
103,86,aceptado,KAI9172,2022-05-18 04:16:00,2022-05-18 05:46:00,11,9,Bombardier CRJ,CRJ900,22.48,JQLPBYZ,2022-04-18 04:16:00,KALITTA AIR,KAI,142.0,252.59,11903.64,comercial,44.0,realizado,A85793465,H50641909
130,106,aceptado,LAT5421,2022-06-06 01:17:00,2022-06-06 18:31:00,67,33,Embraer E190,E190-LR,27.753,CQRMLHT,2022-05-06 01:17:00,LATAM INTER,LAT,153.0,227.1,11030.85,comercial,55.0,realizado,Q49180524,O98651462
35,,rechazado,BTA6525,2022-06-11 01:44:00,2022-06-11 03:24:00,15,67,Boeing KC-135,Stratotanker,44.663,PMJDMNY,,,,119.0,283.45,16402.68,militar,89.0,no realizado,L91489362,
,123,pendiente,LAW8124,2022-06-18 02:12:00,2022-06-18 04:43:00,69,3,Boeing 737,737-900ER,44.675,KYKNUTH,2022-05-18 02:12:00,LAW,LAW,,,,,,,,
40,30,aceptado,BTA8963,2022-05-21 04:36:00,2022-05-21 14:18:00,3,51,Boeing 737,737-400,33.2,ZQZKYVL,2022-04-21 04:36:00,BRITISH,BTA,166.0,227.81,10472.11,comercial,66.0,realizado,Q46419538,
34,25,aceptado,BTA6437,2022-06-16 00:51:00,2022-06-16 10:35:00,29,1,Airbus A380,A380-700,267.0,REBDPFN,2022-05-16 00:51:00,BRITISH,BTA,102.0,227.96,11926.58,comercial,534.0,realizado,F40422038,
,13,aceptado,AZI6476,2022-04-27 08:57:00,2022-04-27 21:25:00,41,61,Boeing 747,747-ER,184.6,NLBYLJG,2022-03-27 08:57:00,ALITALIA,AZI,,,,,,,,
233,,aceptado,XLE2688,2022-04-17 01:55:00,2022-04-17 09:24:00,77,23,Boeing C-17,Globemaster III,127.913,LNHBEFA,,,,327.0,346.98,16704.81,militar,255.0,realizado,L91489362,H06267236
,113,aceptado,LAW2589,2022-04-17 12:33:00,2022-04-17 23:42:00,15,51,Embraer E175,E175-LR,21.886,DTNMCIK,2022-03-17 12:33:00,LAW,LAW,,,,,,,,
68,55,aceptado,ETA7625,2022-04-07 06:35:00,2022-04-07 19:23:00,61,77,Boeing 737,737-800,41.415,VEMIWPS,2022-03-07 06:35:00,ETHOPIAN AIRLINES,ETA,229.0,222.26,11149.46,comercial,82.0,no realizado,J22810925,
,80,aceptado,KAI7192,2022-04-24 16:15:00,2022-04-25 23:14:00,41,45,Airbus A380,A380-800F,252.0,PNILCYN,2022-03-24 16:15:00,KALITTA AIR,KAI,,,,,,,,
148,121,aceptado,LAW7561,2022-06-25 01:08:00,2022-06-25 12:04:00,65,53,Airbus A380,A380-800F,252.0,PNILCYN,2022-05-25 01:08:00,LAW,LAW,62.0,222.08,11273.91,comercial,504.0,realizado,A85793465,O98651462
11,8,aceptado,ADC9962,2022-04-03 10:57:00,2022-04-03 23:52:00,27,11,Bombardier CRJ,CRJ700,20.509,NEWSDBH,2022-03-03 10:57:00,AEROVIAS DAP (centro/norte),ADC,152.0,222.35,10847.41,comercial,41.0,realizado,H50641909,Q46419538
,63,pendiente,IBE6559,2022-04-08 13:49:00,2022-04-08 19:22:00,1,23,Airbus A380,A380-800F,252.0,PNILCYN,2022-03-08 13:49:00,IBERIA,IBE,,,,,,,,
,141,aceptado,LUD5927,2022-05-23 12:27:00,2022-05-23 16:54:00,75,37,Boeing 737,737-800,41.415,VEMIWPS,2022-04-23 12:27:00,LATAM DOMESTICO,LUD,,,,,,,,
174,142,aceptado,LUD6229,2022-05-16 08:17:00,2022-05-17 18:38:00,49,43,Bombardier CRJ,CRJ700,20.509,NEWSDBH,2022-04-16 08:17:00,LATAM DOMESTICO,LUD,68.0,227.49,11557.5,comercial,41.0,realizado,C02131672,J22810925
172,140,aceptado,LUD5592,2022-05-26 03:44:00,2022-05-26 12:31:00,75,33,Embraer E190,E190-AR,27.853,HEPBRIE,2022-04-26 03:44:00,LATAM DOMESTICO,LUD,130.0,233.99,10179.65,comercial,55.0,realizado,J22810925,O88716397
,66,aceptado,KAI1864,2022-05-19 08:42:00,2022-05-19 09:16:00,29,73,Boeing 747,747-300,178.1,YSLMIYD,2022-04-19 08:42:00,KALITTA AIR,KAI,,,,,,,,
,50,aceptado,ETA2413,2022-06-03 06:46:00,2022-06-03 23:35:00,61,63,Airbus A380,A380 Prestige,282.0,WRAPXAO,2022-05-03 06:46:00,ETHOPIAN AIRLINES,ETA,,,,,,,,
67,,rechazado,ETA7337,2022-06-10 05:14:00,2022-06-10 09:44:00,45,57,Embraer Praetor,Praetor 500,10.391,CMUZMTA,,,,283.0,585.57,10631.68,privado,20.0,no realizado,H06267236,
176,144,aceptado,LUD7177,2022-04-19 19:49:00,2022-04-19 23:28:00,27,65,Boeing 747,747-300,178.1,YSLMIYD,2022-03-19 19:49:00,LATAM DOMESTICO,LUD,258.0,248.59,11456.69,comercial,357.0,realizado,O88716397,C02131672
,108,aceptado,LAT6973,2022-06-20 08:48:00,2022-06-20 16:50:00,49,23,Airbus A220,A220-300,37.081,MRUIKBP,2022-05-20 08:48:00,LATAM INTER,LAT,,,,,,,,
48,38,aceptado,COG6548,2022-05-26 09:21:00,2022-05-26 23:45:00,55,59,Boeing 737,737-700,38.15,ECWYCIG,2022-04-26 09:21:00,OCEANAIR,COG,113.0,235.17,10063.04,comercial,76.0,realizado,I74549867,
126,,aceptado,LAT3525,2022-06-12 20:21:00,2022-06-13 22:11:00,35,77,Embraer Legacy,Legacy 450,10.425,CZAGBGC,,,,311.0,561.6,11305.34,privado,20.0,realizado,L91489362,
23,16,pendiente,AZI7766,2022-04-10 05:37:00,2022-04-10 21:35:00,45,23,Boeing 747,747-400,178.75,HVKSCXU,2022-03-10 05:37:00,ALITALIA,AZI,17.0,226.9,11636.69,comercial,357.0,no realizado,A85793465,Q49180524
236,192,aceptado,XLE4241,2022-05-23 03:22:00,2022-05-24 23:37:00,27,57,Boeing 737,737-200,28.12,TPUYDBP,2022-04-23 03:22:00,LATAM ECUADOR,XLE,194.0,277.81,10807.55,comercial,56.0,realizado,B96464671,
,145,pendiente,LUD8647,2022-06-20 08:57:00,2022-06-20 13:07:00,33,57,Boeing 737,737-500,31.3,KDFWVBZ,2022-05-20 08:57:00,LATAM DOMESTICO,LUD,,,,,,,,
,19,aceptado,BTA1332,2022-05-15 02:40:00,2022-05-15 21:12:00,31,67,Embraer E190,E190-LR,27.753,CQRMLHT,2022-04-15 02:40:00,BRITISH,BTA,,,,,,,,
,15,aceptado,AZI6817,2022-05-07 07:09:00,2022-05-07 07:47:00,75,69,Boeing 747,747-100,162.4,ALYMGWS,2022-04-07 07:09:00,ALITALIA,AZI,,,,,,,,
120,100,aceptado,LAM9574,2022-04-16 01:25:00,2022-04-16 21:11:00,57,9,Embraer Praetor,Praetor 600,11.503,WYPTNLZ,2022-03-16 01:25:00,LATAM ARGENTINA,LAM,271.0,277.64,10915.07,comercial,23.0,realizado,J22810925,
,35,aceptado,COG4299,2022-04-19 04:19:00,2022-04-20 06:18:00,23,13,Boeing 747,747-400,178.75,HVKSCXU,2022-03-19 04:19:00,OCEANAIR,COG,,,,,,,,
,49,aceptado,ETA1424,2022-04-08 08:46:00,2022-04-09 20:48:00,23,65,Bombardier CRJ,CRJ700,20.509,NEWSDBH,2022-03-08 08:46:00,ETHOPIAN AIRLINES,ETA,,,,,,,,
,160,aceptado,NCY9589,2022-04-16 07:33:00,2022-04-16 19:04:00,11,11,Embraer E190,E190-AR,27.853,HEPBRIE,2022-03-16 07:33:00,NO_COMPANY,NCY,,,,,,,,
51,41,pendiente,COG8521,2022-06-02 10:24:00,2022-06-03 20:55:00,47,21,Bombardier CRJ,CRJ700,20.509,NEWSDBH,2022-05-02 10:24:00,OCEANAIR,COG,22.0,241.45,12293.41,comercial,41.0,no realizado,I74549867,
116,96,aceptado,LAM4734,2022-05-22 19:37:00,2022-05-23 13:31:00,9,3,Embraer E175,E175-AR,21.906,RHVXKLV,2022-04-22 19:37:00,LATAM ARGENTINA,LAM,162.0,264.74,10233.21,comercial,43.0,realizado,A85793465,A35692355
228,188,pendiente,UCA7235,2022-05-02 09:51:00,2022-05-02 10:19:00,23,65,Airbus A220,A220-100,35.221,OJFBABA,2022-04-02 09:51:00,LATAM CARGO,UCA,43.0,275.63,11160.01,comercial,70.0,no realizado,E10934506,L89163667
,55,aceptado,ETA7625,2022-04-07 06:35:00,2022-04-07 19:23:00,61,77,Boeing 737,737-800,41.415,VEMIWPS,2022-03-07 06:35:00,ETHOPIAN AIRLINES,ETA,,,,,,,,
,7,pendiente,ADC9771,2022-04-12 00:12:00,2022-04-12 23:27:00,53,53,Boeing 737,737-600,36.38,BQIKFIC,2022-03-12 00:12:00,AEROVIAS DAP (centro/norte),ADC,,,,,,,,
217,177,aceptado,UCA2299,2022-05-17 11:50:00,2022-05-17 16:40:00,39,61,Airbus A350,A350-900,104.6,HTJXZZO,2022-04-17 11:50:00,LATAM CARGO,UCA,143.0,232.38,10529.93,comercial,209.0,realizado,B96464671,
,67,aceptado,KAI2227,2022-06-06 17:38:00,2022-06-07 16:03:00,71,61,Airbus A220,A220-100,35.221,OJFBABA,2022-05-06 17:38:00,KALITTA AIR,KAI,,,,,,,,
,0,aceptado,ADC3293,2022-06-26 15:10:00,2022-06-26 20:27:00,5,35,Airbus A380,A380-800F,252.0,PNILCYN,2022-05-26 15:10:00,AEROVIAS DAP (centro/norte),ADC,,,,,,,,
0,,aceptado,ADC1828,2022-05-29 01:50:00,2022-05-29 03:11:00,59,61,Bombardier Global,Global 8000,24.63,RWDSNHW,,,,123.0,538.47,12506.79,privado,49.0,realizado,A85793465,
150,,aceptado,LAW7833,2022-05-20 06:01:00,2022-05-20 09:18:00,5,71,Eurocopter EC725,Cougar Mk.II,5.505,HNRJJQB,,,,322.0,343.82,16673.88,militar,11.0,realizado,L91489362,H06267236
242,198,pendiente,XLE8718,2022-05-30 07:03:00,2022-05-31 00:51:00,11,33,Bombardier CRJ,CRJ700,20.509,NEWSDBH,2022-04-30 07:03:00,LATAM ECUADOR,XLE,7.0,275.21,12214.18,comercial,41.0,no realizado,B96464671,
,98,aceptado,LAM8686,2022-05-08 03:27:00,2022-05-08 12:52:00,39,13,Boeing 737,737-500,31.3,KDFWVBZ,2022-04-08 03:27:00,LATAM ARGENTINA,LAM,,,,,,,,
107,89,aceptado,KEA2947,2022-06-08 10:59:00,2022-06-08 22:34:00,67,19,Embraer E190,E190-LR,27.753,CQRMLHT,2022-05-08 10:59:00,KOREAN AIR,KEA,90.0,226.02,11980.82,comercial,55.0,realizado,G16561693,
143,117,aceptado,LAW4374,2022-06-01 09:01:00,2022-06-01 13:11:00,53,15,Boeing 737,737-900ER,44.675,KYKNUTH,2022-05-01 09:01:00,LAW,LAW,84.0,249.1,10082.09,comercial,89.0,realizado,O98651462,L01109034
,71,aceptado,KAI2257,2022-06-13 12:00:00,2022-06-13 21:00:00,41,61,Airbus A220,A220-100,35.221,OJFBABA,2022-05-13 12:00:00,KALITTA AIR,KAI,,,,,,,,
2,0,aceptado,ADC3293,2022-06-26 15:10:00,2022-06-26 20:27:00,5,35,Airbus A380,A380-800F,252.0,PNILCYN,2022-05-26 15:10:00,AEROVIAS DAP (centro/norte),ADC,32.0,265.96,11489.52,comercial,504.0,realizado,J22810925,H50641909
158,,pendiente,LRC4249,2022-05-30 05:00:00,2022-05-31 11:47:00,39,41,Embraer Praetor,Praetor 600,11.503,WYPTNLZ,,,,282.0,583.48,11892.55,privado,23.0,no realizado,C02131672,
,3,aceptado,ADC6283,2022-04-21 15:10:00,2022-04-21 17:05:00,71,33,Boeing 747,747-400,178.75,HVKSCXU,2022-03-21 15:10:00,AEROVIAS DAP (centro/norte),ADC,,,,,,,,
,132,pendiente,LRC5343,2022-04-08 18:00:00,2022-04-08 19:49:00,23,21,Boeing 737,737-600,36.38,BQIKFIC,2022-03-08 18:00:00,LACSA,LRC,,,,,,,,
,91,aceptado,KEA5763,2022-06-19 05:56:00,2022-06-20 12:08:00,39,61,Airbus A380,A380-700,267.0,REBDPFN,2022-05-19 05:56:00,KOREAN AIR,KEA,,,,,,,,
108,,rechazado,KEA4138,2022-06-14 14:27:00,2022-06-15 03:35:00,61,53,Embraer Praetor,Praetor 600,11.503,WYPTNLZ,,,,286.0,538.13,10062.81,privado,23.0,no realizado,A85793465,
28,20,aceptado,BTA2668,2022-06-02 07:14:00,2022-06-02 21:20:00,5,77,Boeing 747,747-200B,174.0,AMJXYDC,2022-05-02 07:14:00,BRITISH,BTA,188.0,240.89,11537.91,comercial,348.0,realizado,E10934506,
119,99,aceptado,LAM9554,2022-05-07 09:17:00,2022-05-07 17:17:00,15,19,Boeing 737,737-800,41.415,VEMIWPS,2022-04-07 09:17:00,LATAM ARGENTINA,LAM,238.0,231.46,12526.83,comercial,82.0,realizado,J22810925,C02131672
149,122,aceptado,LAW7592,2022-04-03 17:01:00,2022-04-03 17:05:00,75,45,Bombardier CRJ,CRJ900,22.48,JQLPBYZ,2022-03-03 17:01:00,LAW,LAW,87.0,234.51,10291.01,comercial,44.0,realizado,O98651462,
,101,pendiente,LAM9656,2022-05-06 16:33:00,2022-05-06 20:07:00,11,47,Boeing 747,747-300,178.1,YSLMIYD,2022-04-06 16:33:00,LATAM ARGENTINA,LAM,,,,,,,,
235,,aceptado,XLE4213,2022-05-27 12:51:00,2022-05-27 18:29:00,31,15,Boeing KC-135,Stratotanker,44.663,PMJDMNY,,,,326.0,323.47,15995.83,militar,89.0,realizado,H06267236,
140,,pendiente,LAW3425,2022-06-15 03:30:00,2022-06-15 04:46:00,37,25,Boeing C-17,Globemaster III,127.913,LNHBEFA,,,,176.0,297.64,16968.01,militar,255.0,no realizado,L91489362,H06267236
,153,aceptado,NCY3933,2022-05-31 01:37:00,2022-05-31 19:41:00,39,15,Boeing 737,737-600,36.38,BQIKFIC,2022-04-30 01:37:00,NO_COMPANY,NCY,,,,,,,,
72,59,aceptado,IBE1653,2022-06-17 03:44:00,2022-06-17 19:57:00,31,19,Boeing 747,747-300,178.1,YSLMIYD,2022-05-17 03:44:00,IBERIA,IBE,225.0,244.83,10328.73,comercial,356.0,no realizado,H50641909,
4,2,aceptado,ADC4365,2022-04-30 12:29:00,2022-05-01 11:19:00,27,31,Boeing 737,737-500,31.3,KDFWVBZ,2022-03-30 12:29:00,AEROVIAS DAP (centro/norte),ADC,170.0,254.96,11468.23,comercial,66.0,realizado,L01109034,
112,93,aceptado,KEA7963,2022-06-09 11:37:00,2022-06-09 20:32:00,1,75,Boeing 747,747-300,178.1,YSLMIYD,2022-05-09 11:37:00,KOREAN AIR,KEA,69.0,272.58,11010.78,comercial,356.0,realizado,O98651462,
43,33,aceptado,COG2223,2022-05-02 14:17:00,2022-05-02 23:52:00,45,13,Boeing 747,747-200B,174.0,AMJXYDC,2022-04-02 14:17:00,OCEANAIR,COG,202.0,234.07,11813.04,comercial,348.0,realizado,C02131672,
187,,aceptado,NCY3825,2022-05-10 21:13:00,2022-05-11 10:55:00,35,1,Embraer Legacy,Legacy 450,10.425,CZAGBGC,,,,309.0,495.45,11538.72,privado,20.0,realizado,E10934506,L91489362
144,,rechazado,LAW4728,2022-04-22 17:51:00,2022-04-22 19:28:00,35,67,Boeing C-17,Globemaster III,127.913,LNHBEFA,,,,318.0,309.4,16130.14,militar,255.0,no realizado,O88716397,L91489362
146,119,aceptado,LAW6318,2022-05-09 04:07:00,2022-05-09 18:06:00,47,55,Bombardier CRJ,CRJ700,20.509,NEWSDBH,2022-04-09 04:07:00,LAW,LAW,210.0,230.96,10661.79,comercial,41.0,realizado,O98651462,V51246373
,192,aceptado,XLE4241,2022-05-23 03:22:00,2022-05-24 23:37:00,27,57,Boeing 737,737-200,28.12,TPUYDBP,2022-04-23 03:22:00,LATAM ECUADOR,XLE,,,,,,,,
33,24,aceptado,BTA5535,2022-04-03 06:25:00,2022-04-03 18:20:00,59,43,Bombardier Global,Global 8000,24.63,RWDSNHW,2022-03-03 06:25:00,BRITISH,BTA,104.0,272.35,11920.87,comercial,41.0,realizado,E10934506,A85793465
189,154,aceptado,NCY4311,2022-05-02 03:59:00,2022-05-02 17:29:00,71,49,Bombardier CRJ,CRJ700,20.509,NEWSDBH,2022-04-02 03:59:00,NO_COMPANY,NCY,66.0,272.72,10125.68,comercial,41.0,realizado,L89163667,
18,12,aceptado,AZI3471,2022-04-19 15:09:00,2022-04-19 16:23:00,43,11,Bombardier CRJ,CRJ900,22.48,JQLPBYZ,2022-03-19 15:09:00,ALITALIA,AZI,137.0,224.74,12244.11,comercial,44.0,realizado,Q49180524,
,116,aceptado,LAW4331,2022-06-11 14:59:00,2022-06-12 08:52:00,15,13,Airbus A380,A380-800,276.0,FSFMKAE,2022-05-11 14:59:00,LAW,LAW,,,,,,,,
,73,aceptado,KAI2457,2022-06-18 11:00:00,2022-06-18 15:20:00,5,73,Airbus A220,A220-100,35.221,OJFBABA,2022-05-18 11:00:00,KALITTA AIR,KAI,,,,,,,,
113,94,aceptado,KEA8133,2022-05-26 20:20:00,2022-05-26 22:18:00,57,69,Airbus A220,A220-300,37.081,MRUIKBP,2022-04-26 20:20:00,KOREAN AIR,KEA,194.0,260.43,11292.63,comercial,74.0,no realizado,O98651462,
,121,aceptado,LAW7561,2022-06-25 01:08:00,2022-06-25 12:04:00,65,53,Airbus A380,A380-800F,252.0,PNILCYN,2022-05-25 01:08:00,LAW,LAW,,,,,,,,
74,61,aceptado,IBE3388,2022-05-09 00:56:00,2022-05-09 01:22:00,15,73,Airbus A350,A350-900,104.6,HTJXZZO,2022-04-09 00:56:00,IBERIA,IBE,131.0,257.54,10064.59,comercial,209.0,realizado,S26547035,
31,22,aceptado,BTA4673,2022-04-04 15:19:00,2022-04-04 16:37:00,15,1,Boeing 737,737-400,33.2,ZQZKYVL,2022-03-04 15:19:00,BRITISH,BTA,14.0,229.82,10066.85,comercial,66.0,realizado,O98651462,E10934506
131,107,aceptado,LAT5532,2022-06-16 04:02:00,2022-06-17 11:47:00,33,17,Boeing 747,747-ER,184.6,NLBYLJG,2022-05-16 04:02:00,LATAM INTER,LAT,234.0,250.43,11634.36,comercial,369.0,realizado,Q49180524,
,96,aceptado,LAM4734,2022-05-22 19:37:00,2022-05-23 13:31:00,9,3,Embraer E175,E175-AR,21.906,RHVXKLV,2022-04-22 19:37:00,LATAM ARGENTINA,LAM,,,,,,,,
,142,aceptado,LUD6229,2022-05-16 08:17:00,2022-05-17 18:38:00,49,43,Bombardier CRJ,CRJ700,20.509,NEWSDBH,2022-04-16 08:17:00,LATAM DOMESTICO,LUD,,,,,,,,
121,101,pendiente,LAM9656,2022-05-06 16:33:00,2022-05-06 20:07:00,11,47,Boeing 747,747-300,178.1,YSLMIYD,2022-04-06 16:33:00,LATAM ARGENTINA,LAM,3.0,272.04,11627.91,comercial,356.0,no realizado,A35692355,
,51,aceptado,ETA5917,2022-04-20 07:54:00,2022-04-20 20:55:00,7,55,Boeing 747,747-400,178.75,HVKSCXU,2022-03-20 07:54:00,ETHOPIAN AIRLINES,ETA,,,,,,,,
,151,aceptado,NCY1133,2022-04-13 01:11:00,2022-04-13 21:15:00,71,57,Boeing 747,747-400,178.75,HVKSCXU,2022-03-13 01:11:00,NO_COMPANY,NCY,,,,,,,,
93,78,aceptado,KAI6386,2022-04-29 11:26:00,2022-04-29 19:26:00,69,39,Boeing 747,747-100,162.4,ALYMGWS,2022-03-29 11:26:00,KALITTA AIR,KAI,53.0,264.79,11172.53,comercial,324.0,realizado,H50641909,
,106,aceptado,LAT5421,2022-06-06 01:17:00,2022-06-06 18:31:00,67,33,Embraer E190,E190-LR,27.753,CQRMLHT,2022-05-06 01:17:00,LATAM INTER,LAT,,,,,,,,
,147,pendiente,LUD9513,2022-04-01 07:02:00,2022-04-02 19:20:00,23,43,Boeing 747,747-300,178.1,YSLMIYD,2022-03-01 07:02:00,LATAM DOMESTICO,LUD,,,,,,,,
231,189,aceptado,XLE1416,2022-06-17 01:00:00,2022-06-17 07:51:00,41,77,Boeing 737,737-400,33.2,ZQZKYVL,2022-05-17 01:00:00,LATAM ECUADOR,XLE,196.0,242.54,11320.75,comercial,66.0,realizado,L01109034,B96464671
,22,aceptado,BTA4673,2022-04-04 15:19:00,2022-04-04 16:37:00,15,1,Boeing 737,737-400,33.2,ZQZKYVL,2022-03-04 15:19:00,BRITISH,BTA,,,,,,,,
209,,aceptado,UAN3311,2022-06-17 16:10:00,2022-06-17 16:40:00,41,73,Embraer Legacy,Legacy 450,10.425,CZAGBGC,,,,301.0,556.33,11552.56,privado,20.0,realizado,H06267236,
104,87,rechazado,KAI9232,2022-04-23 17:59:00,2022-04-23 23:27:00,53,39,Airbus A220,A220-100,35.221,OJFBABA,2022-03-23 17:59:00,KALITTA AIR,KAI,45.0,234.43,12242.75,comercial,70.0,no realizado,E10934506,
,169,aceptado,UAN2468,2022-06-18 18:52:00,2022-06-18 19:32:00,35,33,Airbus A380,A380-700,267.0,REBDPFN,2022-05-18 18:52:00,UNITED,UAN,,,,,,,,
98,81,aceptado,KAI7891,2022-04-15 03:19:00,2022-04-15 22:46:00,73,53,Embraer Praetor,Praetor 600,11.503,WYPTNLZ,2022-03-15 03:19:00,KALITTA AIR,KAI,134.0,230.61,11578.35,comercial,23.0,realizado,H50641909,
,86,aceptado,KAI9172,2022-05-18 04:16:00,2022-05-18 05:46:00,11,9,Bombardier CRJ,CRJ900,22.48,JQLPBYZ,2022-04-18 04:16:00,KALITTA AIR,KAI,,,,,,,,
,180,rechazado,UCA2521,2022-06-15 10:35:00,2022-06-15 12:01:00,27,45,Bombardier CRJ,CRJ700,20.509,NEWSDBH,2022-05-15 10:35:00,LATAM CARGO,UCA,,,,,,,,
157,129,aceptado,LRC4224,2022-06-07 11:02:00,2022-06-07 14:03:00,65,61,Boeing 737,737-400,33.2,ZQZKYVL,2022-05-07 11:02:00,LACSA,LRC,80.0,251.63,12825.67,comercial,66.0,realizado,S26547035,L89163667
,112,aceptado,LAW1451,2022-05-08 08:04:00,2022-05-08 12:22:00,61,31,Boeing 737,737-200,28.12,TPUYDBP,2022-04-08 08:04:00,LAW,LAW,,,,,,,,
,133,pendiente,LRC6743,2022-04-03 07:58:00,2022-04-03 17:59:00,73,33,Boeing 747,747-200B,174.0,AMJXYDC,2022-03-03 07:58:00,LACSA,LRC,,,,,,,,
,94,aceptado,KEA8133,2022-05-26 20:20:00,2022-05-26 22:18:00,57,69,Airbus A220,A220-300,37.081,MRUIKBP,2022-04-26 20:20:00,KOREAN AIR,KEA,,,,,,,,
204,167,aceptado,QAF8375,2022-06-05 06:12:00,2022-06-05 21:27:00,65,43,Embraer E190,E190-LR,27.753,CQRMLHT,2022-05-05 06:12:00,QANTAS,QAF,82.0,247.72,10650.58,comercial,55.0,realizado,O98651462,A85793465
47,37,aceptado,COG6236,2022-04-14 11:02:00,2022-04-14 22:44:00,69,9,Embraer E175,E175-LR,21.886,DTNMCIK,2022-03-14 11:02:00,OCEANAIR,COG,172.0,270.52,10897.85,comercial,43.0,realizado,C02131672,A85793465
,99,aceptado,LAM9554,2022-05-07 09:17:00,2022-05-07 17:17:00,15,19,Boeing 737,737-800,41.415,VEMIWPS,2022-04-07 09:17:00,LATAM ARGENTINA,LAM,,,,,,,,
225,185,aceptado,UCA2899,2022-05-25 10:44:00,2022-05-25 13:24:00,39,61,Airbus A350,A350-900,104.6,HTJXZZO,2022-04-25 10:44:00,LATAM CARGO,UCA,143.0,232.38,10529.93,comercial,209.0,realizado,E10934506,J22810925
,195,aceptado,XLE5111,2022-04-26 01:45:00,2022-04-26 15:20:00,41,61,Boeing 737,737-700,38.15,ECWYCIG,2022-03-26 01:45:00,LATAM ECUADOR,XLE,,,,,,,,
,103,aceptado,LAT2175,2022-04-20 02:16:00,2022-04-20 10:17:00,17,1,Embraer Praetor,Praetor 600,11.503,WYPTNLZ,2022-03-20 02:16:00,LATAM INTER,LAT,,,,,,,,
129,105,aceptado,LAT4657,2022-04-18 02:42:00,2022-04-19 12:45:00,9,65,Embraer Praetor,Praetor 600,11.503,WYPTNLZ,2022-03-18 02:42:00,LATAM INTER,LAT,274.0,260.28,12535.72,comercial,23.0,realizado,S26547035,
,58,rechazado,IBE1383,2022-04-04 18:02:00,2022-04-05 23:06:00,59,31,Boeing 737,737-600,36.38,BQIKFIC,2022-03-04 18:02:00,IBERIA,IBE,,,,,,,,
240,196,aceptado,XLE5463,2022-05-23 05:06:00,2022-05-23 16:57:00,17,51,Boeing 747,747-400,178.75,HVKSCXU,2022-04-23 05:06:00,LATAM ECUADOR,XLE,114.0,263.34,12675.4,comercial,357.0,realizado,E10934506,
,179,aceptado,UCA2499,2022-05-19 11:20:00,2022-05-19 13:40:00,45,61,Airbus A350,A350-900,104.6,HTJXZZO,2022-04-19 11:20:00,LATAM CARGO,UCA,,,,,,,,
,57,aceptado,ETA8726,2022-06-25 15:34:00,2022-06-25 17:59:00,67,59,Boeing 737,737-400,33.2,ZQZKYVL,2022-05-25 15:34:00,ETHOPIAN AIRLINES,ETA,,,,,,,,
142,116,aceptado,LAW4331,2022-06-11 14:59:00,2022-06-12 08:52:00,15,13,Airbus A380,A380-800,276.0,FSFMKAE,2022-05-11 14:59:00,LAW,LAW,69.0,255.35,12609.54,comercial,552.0,realizado,V51246373,
,130,aceptado,LRC4743,2022-04-03 03:32:00,2022-04-03 21:58:00,71,71,Airbus A380,A380-800,276.0,FSFMKAE,2022-03-03 03:32:00,LACSA,LRC,,,,,,,,
,60,aceptado,IBE2338,2022-04-23 10:02:00,2022-04-23 13:01:00,41,61,Boeing 747,747-300,178.1,YSLMIYD,2022-03-23 10:02:00,IBERIA,IBE,,,,,,,,
19,13,aceptado,AZI6476,2022-04-27 08:57:00,2022-04-27 21:25:00,41,61,Boeing 747,747-ER,184.6,NLBYLJG,2022-03-27 08:57:00,ALITALIA,AZI,92.0,277.06,12043.92,comercial,369.0,realizado,Q49180524,A85793465
,104,aceptado,LAT4157,2022-06-17 23:32:00,2022-06-18 23:34:00,37,61,Embraer E175,E175-LR,21.886,DTNMCIK,2022-05-17 23:32:00,LATAM INTER,LAT,,,,,,,,
,162,aceptado,QAF4466,2022-04-15 01:23:00,2022-04-15 02:07:00,39,45,Boeing 747,747-400,178.75,HVKSCXU,2022-03-15 01:23:00,QANTAS,QAF,,,,,,,,
,115,aceptado,LAW3477,2022-05-23 19:15:00,2022-05-23 19:30:00,29,61,Boeing 747,747-300,178.1,YSLMIYD,2022-04-23 19:15:00,LAW,LAW,,,,,,,,
50,40,aceptado,COG7539,2022-06-06 09:04:00,2022-06-07 23:17:00,77,53,Boeing 747,747-300,178.1,YSLMIYD,2022-05-06 09:04:00,OCEANAIR,COG,240.0,256.63,11859.02,comercial,356.0,realizado,A85793465,
95,79,pendiente,KAI6683,2022-04-05 09:17:00,2022-04-05 20:16:00,75,55,Boeing 747,747-ER,184.6,NLBYLJG,2022-03-05 09:17:00,KALITTA AIR,KAI,19.0,266.48,10767.4,comercial,369.0,no realizado,A85793465,
191,,aceptado,NCY5556,2022-05-26 05:15:00,2022-05-26 05:47:00,67,63,Embraer Legacy,Legacy 500,10.75,RVWDIMC,,,,312.0,482.32,11476.1,privado,21.0,realizado,C02131672,H50641909
87,72,aceptado,KAI2357,2022-06-14 10:00:00,2022-06-14 15:00:00,11,73,Airbus A220,A220-100,35.221,OJFBABA,2022-05-13 10:00:00,KALITTA AIR,KAI,71.0,276.33,12379.03,comercial,70.0,realizado,E10934506,H50641909
22,,aceptado,AZI7128,2022-06-14 09:42:00,2022-06-14 16:55:00,7,59,Embraer Praetor,Praetor 500,10.391,CMUZMTA,,,,305.0,443.56,11476.29,privado,20.0,realizado,J22810925,
,150,aceptado,MPH7574,2022-04-05 02:29:00,2022-04-05 03:47:00,73,45,Boeing 747,747-ER,184.6,NLBYLJG,2022-03-05 02:29:00,MARTINAIR HOLLAND,MPH,,,,,,,,
243,,aceptado,XLE9888,2022-06-21 03:14:00,2022-06-21 19:19:00,5,3,Boeing KC-135,Stratotanker,44.663,PMJDMNY,,,,157.0,299.5,15884.71,militar,89.0,realizado,H06267236,
,171,pendiente,UAN4941,2022-06-24 00:42:00,2022-06-24 06:05:00,71,17,Boeing 737,737-800,41.415,VEMIWPS,2022-05-24 00:42:00,UNITED,UAN,,,,,,,,
,188,pendiente,UCA7235,2022-05-02 09:51:00,2022-05-02 10:19:00,23,65,Airbus A220,A220-100,35.221,OJFBABA,2022-04-02 09:51:00,LATAM CARGO,UCA,,,,,,,,
208,170,aceptado,UAN2881,2022-04-10 15:15:00,2022-04-11 09:29:00,57,61,Airbus A380,A380-800F,252.0,PNILCYN,2022-03-10 15:15:00,UNITED,UAN,208.0,254.07,12303.07,comercial,504.0,realizado,A85793465,C02131672
,134,aceptado,LRC7787,2022-04-06 04:03:00,2022-04-06 10:10:00,25,23,Boeing 747,747-200B,174.0,AMJXYDC,2022-03-06 04:03:00,LACSA,LRC,,,,,,,,
32,23,aceptado,BTA4764,2022-04-07 13:09:00,2022-04-07 21:56:00,39,33,Airbus A220,A220-100,35.221,OJFBABA,2022-03-07 13:09:00,BRITISH,BTA,45.0,224.55,12737.25,comercial,70.0,realizado,Q46419538,
,34,aceptado,COG3144,2022-04-21 13:35:00,2022-04-22 12:11:00,39,71,Boeing 737,737-400,33.2,ZQZKYVL,2022-03-21 13:35:00,OCEANAIR,COG,,,,,,,,
84,69,aceptado,KAI2247,2022-06-09 18:00:00,2022-06-09 20:00:00,41,61,Airbus A220,A220-100,35.221,OJFBABA,2022-05-09 18:00:00,KALITTA AIR,KAI,71.0,276.33,12379.03,comercial,70.0,realizado,E10934506,
39,29,aceptado,BTA8394,2022-04-14 12:54:00,2022-04-14 19:34:00,61,69,Boeing 747,747-400,178.75,HVKSCXU,2022-03-14 12:54:00,BRITISH,BTA,269.0,228.52,11233.68,comercial,357.0,realizado,E10934506,Q46419538
,12,aceptado,AZI3471,2022-04-19 15:09:00,2022-04-19 16:23:00,43,11,Bombardier CRJ,CRJ900,22.48,JQLPBYZ,2022-03-19 15:09:00,ALITALIA,AZI,,,,,,,,
,157,aceptado,NCY5888,2022-04-06 06:52:00,2022-04-06 14:41:00,71,21,Boeing 737,737-600,36.38,BQIKFIC,2022-03-06 06:52:00,NO_COMPANY,NCY,,,,,,,,
232,190,aceptado,XLE2673,2022-06-08 17:04:00,2022-06-08 23:05:00,43,9,Bombardier CRJ,CRJ900,22.48,JQLPBYZ,2022-05-08 17:04:00,LATAM ECUADOR,XLE,93.0,268.52,11751.88,comercial,44.0,realizado,B96464671,
218,178,aceptado,UCA2399,2022-05-18 10:50:00,2022-05-18 14:40:00,41,61,Airbus A350,A350-900,104.6,HTJXZZO,2022-04-18 10:50:00,LATAM CARGO,UCA,143.0,232.38,10529.93,comercial,209.0,realizado,L89163667,B96464671
,62,aceptado,IBE4998,2022-06-16 03:31:00,2022-06-16 05:19:00,77,71,Airbus A380,A380-800,276.0,FSFMKAE,2022-05-16 03:31:00,IBERIA,IBE,,,,,,,,
137,113,aceptado,LAW2589,2022-04-17 12:33:00,2022-04-17 23:42:00,15,51,Embraer E175,E175-LR,21.886,DTNMCIK,2022-03-17 12:33:00,LAW,LAW,110.0,260.74,10194.72,comercial,43.0,no realizado,A85793465,
200,163,aceptado,QAF4555,2022-05-27 00:12:00,2022-05-27 14:39:00,39,69,Boeing 737,737-400,33.2,ZQZKYVL,2022-04-27 00:12:00,QANTAS,QAF,53.0,260.97,10599.7,comercial,66.0,realizado,A85793465,
14,,aceptado,AZI2474,2022-05-18 04:59:00,2022-05-18 21:33:00,39,51,Eurocopter EC725,Cougar Mk.II,5.505,HNRJJQB,,,,331.0,253.21,16977.97,militar,11.0,realizado,L91489362,
8,6,aceptado,ADC9112,2022-05-18 03:14:00,2022-05-18 15:29:00,45,77,Boeing 747,747-300,178.1,YSLMIYD,2022-04-18 03:14:00,AEROVIAS DAP (centro/norte),ADC,199.0,229.17,12666.63,comercial,356.0,realizado,Q46419538,
10,7,pendiente,ADC9771,2022-04-12 00:12:00,2022-04-12 23:27:00,53,53,Boeing 737,737-600,36.38,BQIKFIC,2022-03-12 00:12:00,AEROVIAS DAP (centro/norte),ADC,5.0,223.05,12872.86,comercial,72.0,no realizado,H50641909,
70,57,aceptado,ETA8726,2022-06-25 15:34:00,2022-06-25 17:59:00,67,59,Boeing 737,737-400,33.2,ZQZKYVL,2022-05-25 15:34:00,ETHOPIAN AIRLINES,ETA,168.0,267.59,12446.44,comercial,66.0,realizado,A35692355,
,138,aceptado,LUD2683,2022-05-14 05:54:00,2022-05-15 22:21:00,17,47,Airbus A380,A380-800F,252.0,PNILCYN,2022-04-14 05:54:00,LATAM DOMESTICO,LUD,,,,,,,,
,193,aceptado,XLE4796,2022-04-08 02:45:00,2022-04-08 15:08:00,29,41,Boeing 737,737-400,33.2,ZQZKYVL,2022-03-08 02:45:00,LATAM ECUADOR,XLE,,,,,,,,
99,82,aceptado,KAI7891,2022-05-18 15:08:00,2022-05-18 23:09:00,23,69,Boeing 747,747-200B,174.0,AMJXYDC,2022-04-18 15:08:00,KALITTA AIR,KAI,232.0,256.23,10501.64,comercial,348.0,no realizado,A85793465,
237,193,aceptado,XLE4796,2022-04-08 02:45:00,2022-04-08 15:08:00,29,41,Boeing 737,737-400,33.2,ZQZKYVL,2022-03-08 02:45:00,LATAM ECUADOR,XLE,149.0,264.78,12938.02,comercial,66.0,realizado,B96464671,E10934506
,95,aceptado,LAM2243,2022-06-09 04:38:00,2022-06-10 10:45:00,65,45,Boeing 737,737-200,28.12,TPUYDBP,2022-05-09 04:38:00,LATAM ARGENTINA,LAM,,,,,,,,
,88,aceptado,KEA1414,2022-04-03 09:06:00,2022-04-03 20:57:00,29,47,Boeing 737,737-400,33.2,ZQZKYVL,2022-03-03 09:06:00,KOREAN AIR,KEA,,,,,,,,
,23,aceptado,BTA4764,2022-04-07 13:09:00,2022-04-07 21:56:00,39,33,Airbus A220,A220-100,35.221,OJFBABA,2022-03-07 13:09:00,BRITISH,BTA,,,,,,,,
59,49,aceptado,ETA1424,2022-04-08 08:46:00,2022-04-09 20:48:00,23,65,Bombardier CRJ,CRJ700,20.509,NEWSDBH,2022-03-08 08:46:00,ETHOPIAN AIRLINES,ETA,42.0,223.52,11944.22,comercial,41.0,realizado,A35692355,J22810925
,137,aceptado,LUD1927,2022-05-13 13:39:00,2022-05-13 15:50:00,65,7,Boeing 747,747-400,178.75,HVKSCXU,2022-04-13 13:39:00,LATAM DOMESTICO,LUD,,,,,,,,
,140,aceptado,LUD5592,2022-05-26 03:44:00,2022-05-26 12:31:00,75,33,Embraer E190,E190-AR,27.853,HEPBRIE,2022-04-26 03:44:00,LATAM DOMESTICO,LUD,,,,,,,,
179,147,pendiente,LUD9513,2022-04-01 07:02:00,2022-04-02 19:20:00,23,43,Boeing 747,747-300,178.1,YSLMIYD,2022-03-01 07:02:00,LATAM DOMESTICO,LUD,30.0,242.29,10242.0,comercial,356.0,no realizado,J22810925,O88716397
,189,aceptado,XLE1416,2022-06-17 01:00:00,2022-06-17 07:51:00,41,77,Boeing 737,737-400,33.2,ZQZKYVL,2022-05-17 01:00:00,LATAM ECUADOR,XLE,,,,,,,,
,28,aceptado,BTA6916,2022-05-26 05:52:00,2022-05-26 22:45:00,21,9,Boeing 737,737-800,41.415,VEMIWPS,2022-04-26 05:52:00,BRITISH,BTA,,,,,,,,
,87,rechazado,KAI9232,2022-04-23 17:59:00,2022-04-23 23:27:00,53,39,Airbus A220,A220-100,35.221,OJFBABA,2022-03-23 17:59:00,KALITTA AIR,KAI,,,,,,,,
26,18,aceptado,BTA1165,2022-05-25 21:46:00,2022-05-25 23:04:00,35,61,Boeing 747,747-100,162.4,ALYMGWS,2022-04-25 21:46:00,BRITISH,BTA,107.0,236.16,10505.66,comercial,324.0,realizado,E10934506,
,24,aceptado,BTA5535,2022-04-03 06:25:00,2022-04-03 18:20:00,59,43,Bombardier Global,Global 8000,24.63,RWDSNHW,2022-03-03 06:25:00,BRITISH,BTA,,,,,,,,
,183,aceptado,UCA2714,2022-06-17 01:45:00,2022-06-17 15:20:00,39,9,Embraer E175,E175-LR,21.886,DTNMCIK,2022-05-17 01:45:00,LATAM CARGO,UCA,,,,,,,,
,43,aceptado,EAL6494,2022-06-24 08:27:00,2022-06-24 10:34:00,27,73,Boeing 737,737-700,38.15,ECWYCIG,2022-05-24 08:27:00,EASTERN AIRLINES,EAL,,,,,,,,
,54,aceptado,ETA7128,2022-04-02 07:09:00,2022-04-02 13:47:00,5,23,Embraer E175,E175-AR,21.906,RHVXKLV,2022-03-02 07:09:00,ETHOPIAN AIRLINES,ETA,,,,,,,,
85,70,aceptado,KAI2257,2022-04-19 11:18:00,2022-04-20 02:37:00,23,43,Boeing 737,737-900ER,44.675,KYKNUTH,2022-03-19 11:18:00,KALITTA AIR,KAI,29.0,241.19,11112.56,comercial,89.0,realizado,H50641909,
3,1,pendiente,ADC4277,2022-05-13 14:38:00,2022-05-13 15:46:00,25,47,Boeing 737,737-200,28.12,TPUYDBP,2022-04-13 14:38:00,AEROVIAS DAP (centro/norte),ADC,9.0,275.63,12947.04,comercial,56.0,no realizado,E10934506,
9,,aceptado,ADC9476,2022-04-27 15:20:00,2022-04-27 21:50:00,67,53,Embraer Phenom,300E,5.349,GNTSGWH,,,,118.0,608.59,12739.91,privado,10.0,realizado,J22810925,C02131672
,144,aceptado,LUD7177,2022-04-19 19:49:00,2022-04-19 23:28:00,27,65,Boeing 747,747-300,178.1,YSLMIYD,2022-03-19 19:49:00,LATAM DOMESTICO,LUD,,,,,,,,
178,146,aceptado,LUD9372,2022-05-13 09:46:00,2022-05-14 16:00:00,39,37,Embraer E175,E175-LR,21.886,DTNMCIK,2022-04-13 09:46:00,LATAM DOMESTICO,LUD,160.0,278.6,11057.91,comercial,43.0,realizado,O88716397,
234,191,aceptado,XLE3285,2022-04-16 03:16:00,2022-04-16 03:57:00,75,47,Boeing 747,747-400,178.75,HVKSCXU,2022-03-16 03:16:00,LATAM ECUADOR,XLE,264.0,230.7,12132.1,comercial,357.0,realizado,B96464671,E10934506
,30,aceptado,BTA8963,2022-05-21 04:36:00,2022-05-21 14:18:00,3,51,Boeing 737,737-400,33.2,ZQZKYVL,2022-04-21 04:36:00,BRITISH,BTA,,,,,,,,
,100,aceptado,LAM9574,2022-04-16 01:25:00,2022-04-16 21:11:00,57,9,Embraer Praetor,Praetor 600,11.503,WYPTNLZ,2022-03-16 01:25:00,LATAM ARGENTINA,LAM,,,,,,,,
,25,aceptado,BTA6437,2022-06-16 00:51:00,2022-06-16 10:35:00,29,1,Airbus A380,A380-700,267.0,REBDPFN,2022-05-16 00:51:00,BRITISH,BTA,,,,,,,,
,148,aceptado,MPH1782,2022-05-04 19:23:00,2022-05-04 20:48:00,33,61,Airbus A350,A350-900,104.6,HTJXZZO,2022-04-04 19:23:00,MARTINAIR HOLLAND,MPH,,,,,,,,
192,156,aceptado,NCY5615,2022-05-09 07:32:00,2022-05-09 13:50:00,47,27,Airbus A350,A350-900,104.6,HTJXZZO,2022-04-09 07:32:00,NO_COMPANY,NCY,246.0,243.14,11232.95,comercial,209.0,realizado,V51246373,L89163667
213,173,aceptado,UAN5954,2022-05-27 14:57:00,2022-05-27 17:59:00,49,71,Airbus A380,A380-800F,252.0,PNILCYN,2022-04-27 14:57:00,UNITED,UAN,67.0,239.41,11352.56,comercial,504.0,realizado,F40422038,
92,77,pendiente,KAI5174,2022-05-10 00:21:00,2022-05-10 08:36:00,1,13,Embraer E190,E190-LR,27.753,CQRMLHT,2022-04-10 00:21:00,KALITTA AIR,KAI,2.0,230.74,10446.61,comercial,55.0,no realizado,Q49180524,
215,175,pendiente,UAN6566,2022-05-13 06:38:00,2022-05-13 21:24:00,77,73,Bombardier CRJ,CRJ700,20.509,NEWSDBH,2022-04-13 06:38:00,UNITED,UAN,39.0,274.72,10590.24,comercial,41.0,no realizado,F40422038,
30,,aceptado,BTA3645,2022-05-23 17:17:00,2022-05-24 02:49:00,49,39,Embraer Legacy,Legacy 500,10.75,RVWDIMC,,,,299.0,542.82,10683.72,privado,21.0,realizado,J22810925,
219,179,aceptado,UCA2499,2022-05-19 11:20:00,2022-05-19 13:40:00,45,61,Airbus A350,A350-900,104.6,HTJXZZO,2022-04-19 11:20:00,LATAM CARGO,UCA,143.0,232.38,10529.93,comercial,209.0,realizado,E10934506,
184,150,aceptado,MPH7574,2022-04-05 02:29:00,2022-04-05 03:47:00,73,45,Boeing 747,747-ER,184.6,NLBYLJG,2022-03-05 02:29:00,MARTINAIR HOLLAND,MPH,227.0,223.03,12569.05,comercial,369.0,no realizado,I74549867,
,174,aceptado,UAN6387,2022-04-28 05:19:00,2022-04-28 11:02:00,13,71,Embraer E175,E175-AR,21.906,RHVXKLV,2022-03-28 05:19:00,UNITED,UAN,,,,,,,,
239,195,aceptado,XLE5111,2022-04-26 01:45:00,2022-04-26 15:20:00,41,61,Boeing 737,737-700,38.15,ECWYCIG,2022-03-26 01:45:00,LATAM ECUADOR,XLE,17.0,273.38,11912.48,comercial,76.0,realizado,B96464671,E10934506
75,62,aceptado,IBE4998,2022-06-16 03:31:00,2022-06-16 05:19:00,77,71,Airbus A380,A380-800,276.0,FSFMKAE,2022-05-16 03:31:00,IBERIA,IBE,126.0,240.59,10648.6,comercial,552.0,realizado,G16561693,B96464671
168,137,aceptado,LUD1927,2022-05-13 13:39:00,2022-05-13 15:50:00,65,7,Boeing 747,747-400,178.75,HVKSCXU,2022-04-13 13:39:00,LATAM DOMESTICO,LUD,138.0,242.65,10834.01,comercial,357.0,realizado,G16561693,C02131672
216,176,aceptado,UCA2199,2022-05-16 10:20:00,2022-05-16 15:40:00,39,61,Airbus A350,A350-900,104.6,HTJXZZO,2022-04-16 10:20:00,LATAM CARGO,UCA,143.0,232.38,10529.93,comercial,209.0,realizado,L89163667,E10934506
114,95,aceptado,LAM2243,2022-06-09 04:38:00,2022-06-10 10:45:00,65,45,Boeing 737,737-200,28.12,TPUYDBP,2022-05-09 04:38:00,LATAM ARGENTINA,LAM,224.0,253.59,10389.27,comercial,56.0,no realizado,J22810925,
,82,aceptado,KAI7891,2022-05-18 15:08:00,2022-05-18 23:09:00,23,69,Boeing 747,747-200B,174.0,AMJXYDC,2022-04-18 15:08:00,KALITTA AIR,KAI,,,,,,,,
198,,aceptado,QAF2773,2022-05-03 07:19:00,2022-05-03 07:46:00,71,21,Embraer Legacy,Legacy 450,10.425,CZAGBGC,,,,147.0,539.56,10966.91,privado,20.0,realizado,S26547035,A85793465
91,76,aceptado,KAI3589,2022-04-30 07:57:00,2022-05-01 06:27:00,67,39,Embraer E190,E190-LR,27.753,CQRMLHT,2022-03-30 07:57:00,KALITTA AIR,KAI,245.0,234.87,10092.79,comercial,55.0,realizado,H50641909,Q49180524
,74,aceptado,KAI2657,2022-06-21 12:00:00,2022-06-21 15:10:00,1,73,Airbus A220,A220-300,37.081,MRUIKBP,2022-05-18 12:00:00,KALITTA AIR,KAI,,,,,,,,
,93,aceptado,KEA7963,2022-06-09 11:37:00,2022-06-09 20:32:00,1,75,Boeing 747,747-300,178.1,YSLMIYD,2022-05-09 11:37:00,KOREAN AIR,KEA,,,,,,,,
,89,aceptado,KEA2947,2022-06-08 10:59:00,2022-06-08 22:34:00,67,19,Embraer E190,E190-LR,27.753,CQRMLHT,2022-05-08 10:59:00,KOREAN AIR,KEA,,,,,,,,
,20,aceptado,BTA2668,2022-06-02 07:14:00,2022-06-02 21:20:00,5,77,Boeing 747,747-200B,174.0,AMJXYDC,2022-05-02 07:14:00,BRITISH,BTA,,,,,,,,
57,47,aceptado,EAL9637,2022-05-22 12:12:00,2022-05-22 22:41:00,59,31,Bombardier CRJ,CRJ700,20.509,NEWSDBH,2022-04-22 12:12:00,EASTERN AIRLINES,EAL,51.0,260.91,11734.52,comercial,41.0,realizado,O88716397,
,176,aceptado,UCA2199,2022-05-16 10:20:00,2022-05-16 15:40:00,39,61,Airbus A350,A350-900,104.6,HTJXZZO,2022-04-16 10:20:00,LATAM CARGO,UCA,,,,,,,,
,117,aceptado,LAW4374,2022-06-01 09:01:00,2022-06-01 13:11:00,53,15,Boeing 737,737-900ER,44.675,KYKNUTH,2022-05-01 09:01:00,LAW,LAW,,,,,,,,
,27,aceptado,BTA6727,2022-06-25 00:18:00,2022-06-25 20:27:00,41,29,Boeing 737,737-800,41.415,VEMIWPS,2022-05-25 00:18:00,BRITISH,BTA,,,,,,,,
205,168,aceptado,UAN1658,2022-04-07 11:18:00,2022-04-07 16:04:00,29,37,Boeing 747,747-300,178.1,YSLMIYD,2022-03-07 11:18:00,UNITED,UAN,230.0,256.07,12344.11,comercial,356.0,no realizado,C02131672,
,186,aceptado,UCA3459,2022-04-24 10:22:00,2022-04-24 16:51:00,73,9,Boeing 737,737-200,28.12,TPUYDBP,2022-03-24 10:22:00,LATAM CARGO,UCA,,,,,,,,
,47,aceptado,EAL9637,2022-05-22 12:12:00,2022-05-22 22:41:00,59,31,Bombardier CRJ,CRJ700,20.509,NEWSDBH,2022-04-22 12:12:00,EASTERN AIRLINES,EAL,,,,,,,,
,18,aceptado,BTA1165,2022-05-25 21:46:00,2022-05-25 23:04:00,35,61,Boeing 747,747-100,162.4,ALYMGWS,2022-04-25 21:46:00,BRITISH,BTA,,,,,,,,
117,97,rechazado,LAM5782,2022-06-06 18:54:00,2022-06-07 22:29:00,61,7,Airbus A380,A380-800F,252.0,PNILCYN,2022-05-06 18:54:00,LATAM ARGENTINA,LAM,48.0,234.19,11633.8,comercial,504.0,no realizado,S26547035,
,109,aceptado,LAT6995,2022-04-03 10:52:00,2022-04-03 16:22:00,29,9,Embraer E175,E175-AR,21.906,RHVXKLV,2022-03-03 10:52:00,LATAM INTER,LAT,,,,,,,,
118,98,aceptado,LAM8686,2022-05-08 03:27:00,2022-05-08 12:52:00,39,13,Boeing 737,737-500,31.3,KDFWVBZ,2022-04-08 03:27:00,LATAM ARGENTINA,LAM,60.0,234.66,10056.75,comercial,62.0,realizado,J22810925,
,5,aceptado,ADC8249,2022-05-29 01:26:00,2022-05-29 22:55:00,61,13,Boeing 737,737-400,33.2,ZQZKYVL,2022-04-29 01:26:00,AEROVIAS DAP (centro/norte),ADC,,,,,,,,
37,27,aceptado,BTA6727,2022-06-25 00:18:00,2022-06-25 20:27:00,41,29,Boeing 737,737-800,41.415,VEMIWPS,2022-05-25 00:18:00,BRITISH,BTA,148.0,272.26,11430.75,comercial,82.0,no realizado,L89163667,
,76,aceptado,KAI3589,2022-04-30 07:57:00,2022-05-01 06:27:00,67,39,Embraer E190,E190-LR,27.753,CQRMLHT,2022-03-30 07:57:00,KALITTA AIR,KAI,,,,,,,,
,158,aceptado,NCY6746,2022-05-31 05:08:00,2022-05-31 12:50:00,49,65,Boeing 737,737-400,33.2,ZQZKYVL,2022-04-30 05:08:00,NO_COMPANY,NCY,,,,,,,,
222,182,aceptado,UCA2699,2022-05-22 10:00:00,2022-05-22 13:00:00,41,61,Airbus A350,A350-900,104.6,HTJXZZO,2022-04-22 10:00:00,LATAM CARGO,UCA,143.0,232.38,10529.93,comercial,209.0,realizado,B96464671,
,16,pendiente,AZI7766,2022-04-10 05:37:00,2022-04-10 21:35:00,45,23,Boeing 747,747-400,178.75,HVKSCXU,2022-03-10 05:37:00,ALITALIA,AZI,,,,,,,,
21,15,aceptado,AZI6817,2022-05-07 07:09:00,2022-05-07 07:47:00,75,69,Boeing 747,747-100,162.4,ALYMGWS,2022-04-07 07:09:00,ALITALIA,AZI,121.0,250.17,10216.55,comercial,324.0,realizado,Q46419538,
,79,pendiente,KAI6683,2022-04-05 09:17:00,2022-04-05 20:16:00,75,55,Boeing 747,747-ER,184.6,NLBYLJG,2022-03-05 09:17:00,KALITTA AIR,KAI,,,,,,,,
203,166,aceptado,QAF8281,2022-06-05 17:56:00,2022-06-05 22:48:00,45,39,Boeing 747,747-ER,184.6,NLBYLJG,2022-05-05 17:56:00,QANTAS,QAF,46.0,228.41,11950.49,comercial,369.0,no realizado,C02131672,
,40,aceptado,COG7539,2022-06-06 09:04:00,2022-06-07 23:17:00,77,53,Boeing 747,747-300,178.1,YSLMIYD,2022-05-06 09:04:00,OCEANAIR,COG,,,,,,,,
109,90,aceptado,KEA5177,2022-04-24 12:07:00,2022-04-24 17:14:00,39,65,Boeing 737,737-900ER,44.675,KYKNUTH,2022-03-24 12:07:00,KOREAN AIR,KEA,156.0,259.57,12406.17,comercial,89.0,realizado,O98651462,B96464671
139,114,pendiente,LAW2798,2022-04-08 12:12:00,2022-04-08 21:37:00,25,15,Airbus A350,A350-900,104.6,HTJXZZO,2022-03-08 12:12:00,LAW,LAW,10.0,254.79,10498.03,comercial,209.0,no realizado,O98651462,
,4,aceptado,ADC7913,2022-06-08 05:42:00,2022-06-08 05:53:00,61,59,Airbus A380,A380-800,276.0,FSFMKAE,2022-05-08 05:42:00,AEROVIAS DAP (centro/norte),ADC,,,,,,,,
133,109,aceptado,LAT6995,2022-04-03 10:52:00,2022-04-03 16:22:00,29,9,Embraer E175,E175-AR,21.906,RHVXKLV,2022-03-03 10:52:00,LATAM INTER,LAT,184.0,248.59,11686.59,comercial,43.0,realizado,I74549867,
62,,aceptado,ETA4955,2022-04-01 03:26:00,2022-04-01 13:00:00,75,25,Bombardier Global,Global 7500,27.987,WCRZZTI,,,,181.0,500.75,11029.05,privado,55.0,realizado,C02131672,E10934506
27,19,aceptado,BTA1332,2022-05-15 02:40:00,2022-05-15 21:12:00,31,67,Embraer E190,E190-LR,27.753,CQRMLHT,2022-04-15 02:40:00,BRITISH,BTA,207.0,269.07,10169.44,comercial,55.0,realizado,E10934506,O98651462
82,67,aceptado,KAI2227,2022-06-06 17:38:00,2022-06-07 16:03:00,71,61,Airbus A220,A220-100,35.221,OJFBABA,2022-05-06 17:38:00,KALITTA AIR,KAI,71.0,276.33,12379.03,comercial,70.0,realizado,Q46419538,
71,58,rechazado,IBE1383,2022-04-04 18:02:00,2022-04-05 23:06:00,59,31,Boeing 737,737-600,36.38,BQIKFIC,2022-03-04 18:02:00,IBERIA,IBE,52.0,233.3,10258.86,comercial,72.0,no realizado,A35692355,
,187,aceptado,UCA4751,2022-04-30 19:06:00,2022-05-01 15:20:00,37,61,Boeing 737,737-400,33.2,ZQZKYVL,2022-03-30 19:06:00,LATAM CARGO,UCA,,,,,,,,
24,17,aceptado,AZI8574,2022-05-31 13:04:00,2022-05-31 15:19:00,73,53,Airbus A380,A380 Prestige,282.0,WRAPXAO,2022-04-30 13:04:00,ALITALIA,AZI,134.0,244.35,10359.04,comercial,564.0,realizado,Q49180524,L89163667
167,136,aceptado,LRC9669,2022-04-21 00:18:00,2022-04-21 11:38:00,47,5,Embraer Praetor,Praetor 600,11.503,WYPTNLZ,2022-03-21 00:18:00,LACSA,LRC,122.0,223.79,11325.5,comercial,23.0,realizado,S26547035,
162,,pendiente,LRC6215,2022-05-23 16:55:00,2022-05-23 20:32:00,5,13,Embraer Praetor,Praetor 500,10.391,CMUZMTA,,,,125.0,449.98,11664.65,privado,20.0,no realizado,H06267236,E10934506
,90,aceptado,KEA5177,2022-04-24 12:07:00,2022-04-24 17:14:00,39,65,Boeing 737,737-900ER,44.675,KYKNUTH,2022-03-24 12:07:00,KOREAN AIR,KEA,,,,,,,,
